
> arkok-v2-server@2.0.0 start
> npx ts-node --transpile-only src/index.ts

🚀 Starting ArkOK V2 Server...
🌍 Environment: development
🔌 Port: 3000
📁 Serving static files from: /home/devbox/project/arkok-v2/client/dist
🔧 Setting up Socket.IO handlers...
🔌 Socket.io 服务已初始化
✅ Database connected successfully
🚀 ArkOK V2 Server running on port 3000
🔌 Socket lCGxfXaV-5ypwMbVAAAB 认证成功: long(TEACHER) - School: 625e503b-aa7e-44fe-9982-237d828af717
🔌 用户 long 已连接: lCGxfXaV-5ypwMbVAAAB
📊 当前活跃连接数: 1
🏠 用户 long 加入学校房间: school_625e503b-aa7e-44fe-9982-237d828af717
📡 向学校 625e503b-aa7e-44fe-9982-237d828af717 广播事件: USER_ONLINE
🏠 用户 long 加入学校房间: school_625e503b-aa7e-44fe-9982-237d828af717
🏠 BigScreen 加入学校房间: school_625e503b-aa7e-44fe-9982-237d828af717
2026-01-12T07:44:52.420Z - GET /challenges
2026-01-12T07:44:52.554Z - GET /assets/index-BRw2ff-k.js
2026-01-12T07:44:52.556Z - GET /assets/index-LC03ls95.css
2026-01-12T07:44:54.087Z - GET /api/auth/me
🔐 [AUTH_MIDDLEWARE] Processing GET /me
🔐 [AUTH_MIDDLEWARE] Token found: true, Length: 467
🔐 [AUTH_MIDDLEWARE] Token verification result: true
✅ [AUTH_MIDDLEWARE] User authenticated: long (TEACHER)
2026-01-12T07:44:54.197Z - GET /vite.svg
2026-01-12T07:44:54.305Z - GET /api/students/classes
🔐 [AUTH_MIDDLEWARE] Processing GET /classes
🔐 [AUTH_MIDDLEWARE] Token found: true, Length: 467
🔐 [AUTH_MIDDLEWARE] Token verification result: true
✅ [AUTH_MIDDLEWARE] User authenticated: long (TEACHER)
[DEBUG] getClasses - User: {
  userId: '5ca64703-c978-4d01-bf44-a7568f34f556',
  username: 'long',
  name: '龙老师',
  displayName: '龙老师',
  email: null,
  role: 'TEACHER',
  schoolId: '625e503b-aa7e-44fe-9982-237d828af717',
  schoolName: '星途与伴',
  primaryClassName: '六年级1班'
}
[DEBUG] getClasses - SchoolId: 625e503b-aa7e-44fe-9982-237d828af717
2026-01-12T07:44:54.311Z - GET /api/students
🔐 [AUTH_MIDDLEWARE] Processing GET /
🔐 [AUTH_MIDDLEWARE] Token found: true, Length: 467
🔐 [AUTH_MIDDLEWARE] Token verification result: true
✅ [AUTH_MIDDLEWARE] User authenticated: long (TEACHER)
--- [DEBUG] GET /api/students endpoint hit ---
Authenticated User: {
  userId: '5ca64703-c978-4d01-bf44-a7568f34f556',
  username: 'long',
  name: '龙老师',
  displayName: '龙老师',
  email: null,
  role: 'TEACHER',
  schoolId: '625e503b-aa7e-44fe-9982-237d828af717',
  schoolName: '星途与伴',
  primaryClassName: '六年级1班'
}
School ID from user: 625e503b-aa7e-44fe-9982-237d828af717
Request query params: { schoolId: '625e503b-aa7e-44fe-9982-237d828af717', limit: '100' }
[DEBUG] Query object sent to service: {
  schoolId: '625e503b-aa7e-44fe-9982-237d828af717',
  className: undefined,
  search: undefined,
  page: undefined,
  limit: 100,
  teacherId: '5ca64703-c978-4d01-bf44-a7568f34f556',
  scope: undefined,
  userRole: 'TEACHER',
  requesterId: '5ca64703-c978-4d01-bf44-a7568f34f556'
}
[DEBUG] ✅ teacherId is present: 5ca64703-c978-4d01-bf44-a7568f34f556
[TEACHER BINDING] Fetching students with query: {
  schoolId: '625e503b-aa7e-44fe-9982-237d828af717',
  teacherId: '5ca64703-c978-4d01-bf44-a7568f34f556',
  scope: undefined,
  userRole: 'TEACHER'
}
[DEBUG] 🔍 Checking teacherId distribution before query...
2026-01-12T07:44:54.316Z - GET /api/challenges
🔐 [AUTH_MIDDLEWARE] Processing GET /
🔐 [AUTH_MIDDLEWARE] Token found: true, Length: 467
🔐 [AUTH_MIDDLEWARE] Token verification result: true
✅ [AUTH_MIDDLEWARE] User authenticated: long (TEACHER)
[DEBUG] 📊 TeacherId distribution: {
  '5ca64703-c978-4d01-bf44-a7568f34f556': 8,
  '10a89d3e-7b40-461c-a6dd-b71c00111fbf': 9,
  '5d26104b-58a4-4c38-90d6-d03ff7fa76de': 12
}
[DEBUG] 📊 Total students in DB: 29
[TEACHER BINDING] Default: querying students for teachers: 5ca64703-c978-4d01-bf44-a7568f34f556
[TEACHER BINDING] ⚠️ Using teacherId only for student filtering (className filter removed)
[TEACHER BINDING] ✅ Found 8 students for scope: undefined
[DEBUG] Service returned: {
  students: [
    {
      id: '68e8a25d-1ad1-4aec-b9f6-916544b62b54',
      name: '龙卓豫',
      className: '六年级1班',
      avatarUrl: '/avatar.jpg',
      points: 3620,
      exp: 14170,
      level: 21,
      teacherId: '5ca64703-c978-4d01-bf44-a7568f34f556',
      isActive: true,
      grade: '二年级',
      semester: '上册'
    },
    {
      id: '1896c410-1a91-4281-ac02-797756c638cc',
      name: '宁可歆',
      className: null,
      avatarUrl: null,
      points: 1460,
      exp: 330,
      level: 2,
      teacherId: '5ca64703-c978-4d01-bf44-a7568f34f556',
      isActive: true,
      grade: '五年级',
      semester: '上册'
    },
    {
      id: '47938c35-a307-4191-84a8-bf798d599505',
      name: '廖潇然',
      className: '六年级1班',
      avatarUrl: null,
      points: 186,
      exp: 250,
      level: 1,
      teacherId: '5ca64703-c978-4d01-bf44-a7568f34f556',
      isActive: true,
      grade: null,
      semester: null
    },
    {
      id: '83147758-d2d7-4541-a7c1-5892b809ccc8',
      name: '彭斯晟',
      className: '六年级1班',
      avatarUrl: null,
      points: 333,
      exp: 150,
      level: 1,
      teacherId: '5ca64703-c978-4d01-bf44-a7568f34f556',
      isActive: true,
      grade: null,
      semester: null
    },
    {
      id: '31895b6e-8fb0-4eb8-838c-3c0d3d71bbcb',
      name: '曾欣媛',
      className: null,
      avatarUrl: null,
      points: 362,
      exp: 75,
      level: 1,
      teacherId: '5ca64703-c978-4d01-bf44-a7568f34f556',
      isActive: true,
      grade: '五年级',
      semester: '上册'
    },
    {
      id: 'a3a72793-7c76-4f14-b18c-d786db55ff26',
      name: '樊牧宸',
      className: '六年级1班',
      avatarUrl: null,
      points: 329,
      exp: 50,
      level: 1,
      teacherId: '5ca64703-c978-4d01-bf44-a7568f34f556',
      isActive: true,
      grade: '五年级',
      semester: '上册'
    },
    {
      id: 'b043aea7-874b-4505-8274-50526192fde8',
      name: '肖浩轩',
      className: '六年级1班',
      avatarUrl: null,
      points: 318,
      exp: 50,
      level: 1,
      teacherId: '5ca64703-c978-4d01-bf44-a7568f34f556',
      isActive: true,
      grade: null,
      semester: null
    },
    {
      id: '65697759-b4ba-49ae-9f18-101730f7bf47',
      name: '刘梓萌',
      className: '六年级1班',
      avatarUrl: null,
      points: 731,
      exp: 25,
      level: 1,
      teacherId: '5ca64703-c978-4d01-bf44-a7568f34f556',
      isActive: true,
      grade: '六年级',
      semester: '上册'
    }
  ],
  pagination: { page: 1, limit: 100, total: 8, totalPages: 1 }
}
[DEBUG] Number of students in result: 8
[DEBUG] Students data preview: [
  {
    id: '68e8a25d-1ad1-4aec-b9f6-916544b62b54',
    name: '龙卓豫',
    className: '六年级1班',
    avatarUrl: '/avatar.jpg',
    points: 3620,
    exp: 14170,
    level: 21,
    teacherId: '5ca64703-c978-4d01-bf44-a7568f34f556',
    isActive: true,
    grade: '二年级',
    semester: '上册'
  },
  {
    id: '1896c410-1a91-4281-ac02-797756c638cc',
    name: '宁可歆',
    className: null,
    avatarUrl: null,
    points: 1460,
    exp: 330,
    level: 2,
    teacherId: '5ca64703-c978-4d01-bf44-a7568f34f556',
    isActive: true,
    grade: '五年级',
    semester: '上册'
  }
]
[DEBUG] Response sent to frontend successfully
2026-01-12T07:44:54.433Z - GET /api/challenges/3645f00e-e64c-4a51-a889-cf7069440ae5/participants
🔐 [AUTH_MIDDLEWARE] Processing GET /3645f00e-e64c-4a51-a889-cf7069440ae5/participants
🔐 [AUTH_MIDDLEWARE] Token found: true, Length: 467
🔐 [AUTH_MIDDLEWARE] Token verification result: true
✅ [AUTH_MIDDLEWARE] User authenticated: long (TEACHER)
2026-01-12T07:44:54.436Z - GET /api/challenges/e6319751-1105-4a03-ba3c-5af779930d45/participants
🔐 [AUTH_MIDDLEWARE] Processing GET /e6319751-1105-4a03-ba3c-5af779930d45/participants
🔐 [AUTH_MIDDLEWARE] Token found: true, Length: 467
🔐 [AUTH_MIDDLEWARE] Token verification result: true
✅ [AUTH_MIDDLEWARE] User authenticated: long (TEACHER)
2026-01-12T07:44:54.438Z - GET /api/challenges/dc215397-6e3e-4229-b74e-6da1be0529f4/participants
🔐 [AUTH_MIDDLEWARE] Processing GET /dc215397-6e3e-4229-b74e-6da1be0529f4/participants
🔐 [AUTH_MIDDLEWARE] Token found: true, Length: 467
🔐 [AUTH_MIDDLEWARE] Token verification result: true
✅ [AUTH_MIDDLEWARE] User authenticated: long (TEACHER)
2026-01-12T07:44:54.441Z - GET /api/challenges/c12262d8-c29b-48f4-8b60-310f305f19e2/participants
🔐 [AUTH_MIDDLEWARE] Processing GET /c12262d8-c29b-48f4-8b60-310f305f19e2/participants
🔐 [AUTH_MIDDLEWARE] Token found: true, Length: 467
🔐 [AUTH_MIDDLEWARE] Token verification result: true
✅ [AUTH_MIDDLEWARE] User authenticated: long (TEACHER)
2026-01-12T07:44:54.443Z - GET /api/challenges/56e6e647-d396-41b1-9df9-bfa45d78fa6f/participants
🔐 [AUTH_MIDDLEWARE] Processing GET /56e6e647-d396-41b1-9df9-bfa45d78fa6f/participants
🔐 [AUTH_MIDDLEWARE] Token found: true, Length: 467
🔐 [AUTH_MIDDLEWARE] Token verification result: true
✅ [AUTH_MIDDLEWARE] User authenticated: long (TEACHER)
2026-01-12T07:44:54.445Z - GET /api/challenges/6e185c14-fd95-41d5-a311-c3da62c19a99/participants
🔐 [AUTH_MIDDLEWARE] Processing GET /6e185c14-fd95-41d5-a311-c3da62c19a99/participants
🔐 [AUTH_MIDDLEWARE] Token found: true, Length: 467
🔐 [AUTH_MIDDLEWARE] Token verification result: true
✅ [AUTH_MIDDLEWARE] User authenticated: long (TEACHER)
2026-01-12T07:44:54.447Z - GET /api/challenges/d2a3ae15-c91c-4fcb-aa89-c62eaeded2eb/participants
🔐 [AUTH_MIDDLEWARE] Processing GET /d2a3ae15-c91c-4fcb-aa89-c62eaeded2eb/participants
🔐 [AUTH_MIDDLEWARE] Token found: true, Length: 467
🔐 [AUTH_MIDDLEWARE] Token verification result: true
✅ [AUTH_MIDDLEWARE] User authenticated: long (TEACHER)
2026-01-12T07:44:54.450Z - GET /api/challenges/a6a66b78-f599-4cd8-aa09-d4e2746e0a73/participants
🔐 [AUTH_MIDDLEWARE] Processing GET /a6a66b78-f599-4cd8-aa09-d4e2746e0a73/participants
🔐 [AUTH_MIDDLEWARE] Token found: true, Length: 467
🔐 [AUTH_MIDDLEWARE] Token verification result: true
✅ [AUTH_MIDDLEWARE] User authenticated: long (TEACHER)
2026-01-12T07:44:54.451Z - GET /api/challenges/0c7021e2-2007-423f-bfcc-00a685871ac1/participants
🔐 [AUTH_MIDDLEWARE] Processing GET /0c7021e2-2007-423f-bfcc-00a685871ac1/participants
🔐 [AUTH_MIDDLEWARE] Token found: true, Length: 467
🔐 [AUTH_MIDDLEWARE] Token verification result: true
✅ [AUTH_MIDDLEWARE] User authenticated: long (TEACHER)
2026-01-12T07:44:54.453Z - GET /api/challenges/be7bca9c-8c74-4962-b40e-71b7afe8c5e6/participants
🔐 [AUTH_MIDDLEWARE] Processing GET /be7bca9c-8c74-4962-b40e-71b7afe8c5e6/participants
🔐 [AUTH_MIDDLEWARE] Token found: true, Length: 467
🔐 [AUTH_MIDDLEWARE] Token verification result: true
✅ [AUTH_MIDDLEWARE] User authenticated: long (TEACHER)
2026-01-12T07:44:54.458Z - GET /api/challenges/6b462187-78d3-41d0-8911-e61241e512c2/participants
🔐 [AUTH_MIDDLEWARE] Processing GET /6b462187-78d3-41d0-8911-e61241e512c2/participants
🔐 [AUTH_MIDDLEWARE] Token found: true, Length: 467
🔐 [AUTH_MIDDLEWARE] Token verification result: true
✅ [AUTH_MIDDLEWARE] User authenticated: long (TEACHER)
2026-01-12T07:44:54.460Z - GET /api/challenges/7227ee9d-faae-43b2-934d-c56f8bbcb8d3/participants
🔐 [AUTH_MIDDLEWARE] Processing GET /7227ee9d-faae-43b2-934d-c56f8bbcb8d3/participants
🔐 [AUTH_MIDDLEWARE] Token found: true, Length: 467
🔐 [AUTH_MIDDLEWARE] Token verification result: true
✅ [AUTH_MIDDLEWARE] User authenticated: long (TEACHER)
2026-01-12T07:44:54.521Z - GET /avatar.jpg
2026-01-12T07:44:55.727Z - GET /api/challenges/fa35545b-9b8e-4858-b599-1ae99f19c2c7/participants
🔐 [AUTH_MIDDLEWARE] Processing GET /fa35545b-9b8e-4858-b599-1ae99f19c2c7/participants
🔐 [AUTH_MIDDLEWARE] Token found: true, Length: 467
🔐 [AUTH_MIDDLEWARE] Token verification result: true
✅ [AUTH_MIDDLEWARE] User authenticated: long (TEACHER)
2026-01-12T07:44:55.781Z - GET /avatar.jpg
2026-01-12T07:45:08.080Z - GET /api/dashboard/bigscreen
📺 [BIGSCREEN] Loading data for school: 625e503b-aa7e-44fe-9982-237d828af717
📺 [BIGSCREEN] Fetching data for school: 625e503b-aa7e-44fe-9982-237d828af717
🔍 [大屏调试] 过滤前任务数量: 8
✅ [大屏调试] 过滤后任务数量: 8
📊 [大屏调试] 最终activities数量: 20
📋 [大屏调试] Activities列表: [
  {
    title: '【阅读记录】《神探狗狗球为谁而滚》 120分钟',
    type: 'progress',
    student: '肖雨虹'
  },
  { title: '【阅读记录】《你真好》 120分钟', type: 'progress', student: '肖雨虹' },
  { title: '【阅读记录】《谁在做鬼脸》 120分钟', type: 'progress', student: '肖雨虹' },
  {
    title: '【阅读记录】《大侦探福尔摩斯史上最强的女对手》 120分钟',
    type: 'progress',
    student: '肖雨虹'
  },
  { title: '【阅读记录】《逻辑推理游戏》 120分钟', type: 'progress', student: '肖雨虹' },
  {
    title: '【阅读记录】《科学大爆炸双猫传奇》 120分钟',
    type: 'progress',
    student: '肖雨虹'
  },
  {
    title: '【阅读记录】《科学大爆炸双猫传奇》 120分钟',
    type: 'progress',
    student: '肖雨虹'
  },
  { title: '【阅读记录】《逻辑推理游戏》 120分钟', type: 'progress', student: '肖雨虹' },
  { title: '【阅读记录】《太空邮递员3》 120分钟', type: 'progress', student: '肖雨虹' },
  { title: '【阅读记录】《成为猴子的日子》 120分钟', type: 'progress', student: '肖雨虹' },
  {
    title: '【阅读记录】《大侦探福尔摩斯史上最强的女对手》 120分钟',
    type: 'progress',
    student: '肖雨虹'
  },
  {
    title: '【阅读记录】《大侦探福尔摩斯四个神秘的签名》 120分钟',
    type: 'progress',
    student: '肖雨虹'
  },
  {
    title: '【阅读记录】《科学大爆炸智能的进化》 120分钟',
    type: 'progress',
    student: '肖雨虹'
  },
  {
    title: '【阅读记录】《科学大爆炸智能的进化》 120分钟',
    type: 'progress',
    student: '肖雨虹'
  },
  {
    title: '【阅读记录】《科学大爆炸智能的进化》 120分钟',
    type: 'progress',
    student: '肖雨虹'
  },
  {
    title: '【阅读记录】《科学大爆炸智能的进化》 120分钟',
    type: 'progress',
    student: '肖雨虹'
  },
  { title: '【综合成长】作业的自主检查', type: 'growth', student: '龙卓豫' },
  {
    title: '【阅读记录】《大侦探福尔摩斯追凶20年》 120分钟',
    type: 'progress',
    student: '肖雨虹'
  },
  { title: '【核心教学法】阅读理解策略练习', type: 'methodology', student: '龙卓豫' },
  { title: '【核心教学法】时间管理练习', type: 'methodology', student: '龙卓豫' }
]
2026-01-12T07:46:08.129Z - GET /api/dashboard/bigscreen
📺 [BIGSCREEN] Loading data for school: 625e503b-aa7e-44fe-9982-237d828af717
📺 [BIGSCREEN] Fetching data for school: 625e503b-aa7e-44fe-9982-237d828af717
🔍 [大屏调试] 过滤前任务数量: 8
✅ [大屏调试] 过滤后任务数量: 8
📊 [大屏调试] 最终activities数量: 20
📋 [大屏调试] Activities列表: [
  {
    title: '【阅读记录】《神探狗狗球为谁而滚》 120分钟',
    type: 'progress',
    student: '肖雨虹'
  },
  { title: '【阅读记录】《你真好》 120分钟', type: 'progress', student: '肖雨虹' },
  { title: '【阅读记录】《谁在做鬼脸》 120分钟', type: 'progress', student: '肖雨虹' },
  {
    title: '【阅读记录】《大侦探福尔摩斯史上最强的女对手》 120分钟',
    type: 'progress',
    student: '肖雨虹'
  },
  { title: '【阅读记录】《逻辑推理游戏》 120分钟', type: 'progress', student: '肖雨虹' },
  {
    title: '【阅读记录】《科学大爆炸双猫传奇》 120分钟',
    type: 'progress',
    student: '肖雨虹'
  },
  {
    title: '【阅读记录】《科学大爆炸双猫传奇》 120分钟',
    type: 'progress',
    student: '肖雨虹'
  },
  { title: '【阅读记录】《逻辑推理游戏》 120分钟', type: 'progress', student: '肖雨虹' },
  { title: '【阅读记录】《太空邮递员3》 120分钟', type: 'progress', student: '肖雨虹' },
  { title: '【阅读记录】《成为猴子的日子》 120分钟', type: 'progress', student: '肖雨虹' },
  {
    title: '【阅读记录】《大侦探福尔摩斯史上最强的女对手》 120分钟',
    type: 'progress',
    student: '肖雨虹'
  },
  {
    title: '【阅读记录】《大侦探福尔摩斯四个神秘的签名》 120分钟',
    type: 'progress',
    student: '肖雨虹'
  },
  {
    title: '【阅读记录】《科学大爆炸智能的进化》 120分钟',
    type: 'progress',
    student: '肖雨虹'
  },
  {
    title: '【阅读记录】《科学大爆炸智能的进化》 120分钟',
    type: 'progress',
    student: '肖雨虹'
  },
  {
    title: '【阅读记录】《科学大爆炸智能的进化》 120分钟',
    type: 'progress',
    student: '肖雨虹'
  },
  {
    title: '【阅读记录】《科学大爆炸智能的进化》 120分钟',
    type: 'progress',
    student: '肖雨虹'
  },
  { title: '【综合成长】作业的自主检查', type: 'growth', student: '龙卓豫' },
  {
    title: '【阅读记录】《大侦探福尔摩斯追凶20年》 120分钟',
    type: 'progress',
    student: '肖雨虹'
  },
  { title: '【核心教学法】阅读理解策略练习', type: 'methodology', student: '龙卓豫' },
  { title: '【核心教学法】时间管理练习', type: 'methodology', student: '龙卓豫' }
]
2026-01-12T07:46:17.672Z - GET /health
2026-01-12T07:46:17.680Z - GET /health
2026-01-12T07:46:33.921Z - GET /api/dashboard/bigscreen
📺 [BIGSCREEN] Loading data for school: 1
📺 [BIGSCREEN] Fetching data for school: 1
🔍 [大屏调试] 过滤前任务数量: 0
✅ [大屏调试] 过滤后任务数量: 0
📊 [大屏调试] 最终activities数量: 0
2026-01-12T07:46:34.068Z - GET /api/dashboard/bigscreen
📺 [BIGSCREEN] Loading data for school: 1
📺 [BIGSCREEN] Fetching data for school: 1
🔍 [大屏调试] 过滤前任务数量: 0
✅ [大屏调试] 过滤后任务数量: 0
📊 [大屏调试] 最终activities数量: 0
2026-01-12T07:46:34.395Z - GET /challenges
2026-01-12T07:46:34.572Z - GET /assets/index-LC03ls95.css
2026-01-12T07:46:34.575Z - GET /assets/index-BRw2ff-k.js
2026-01-12T07:46:35.979Z - GET /api/auth/me
🔐 [AUTH_MIDDLEWARE] Processing GET /me
🔐 [AUTH_MIDDLEWARE] Token found: true, Length: 467
🔐 [AUTH_MIDDLEWARE] Token verification result: true
✅ [AUTH_MIDDLEWARE] User authenticated: long (TEACHER)
2026-01-12T07:46:36.080Z - GET /vite.svg
2026-01-12T07:46:36.105Z - GET /api/students/classes
🔐 [AUTH_MIDDLEWARE] Processing GET /classes
🔐 [AUTH_MIDDLEWARE] Token found: true, Length: 467
🔐 [AUTH_MIDDLEWARE] Token verification result: true
✅ [AUTH_MIDDLEWARE] User authenticated: long (TEACHER)
[DEBUG] getClasses - User: {
  userId: '5ca64703-c978-4d01-bf44-a7568f34f556',
  username: 'long',
  name: '龙老师',
  displayName: '龙老师',
  email: null,
  role: 'TEACHER',
  schoolId: '625e503b-aa7e-44fe-9982-237d828af717',
  schoolName: '星途与伴',
  primaryClassName: '六年级1班'
}
[DEBUG] getClasses - SchoolId: 625e503b-aa7e-44fe-9982-237d828af717
2026-01-12T07:46:36.107Z - GET /api/students
🔐 [AUTH_MIDDLEWARE] Processing GET /
🔐 [AUTH_MIDDLEWARE] Token found: true, Length: 467
🔐 [AUTH_MIDDLEWARE] Token verification result: true
✅ [AUTH_MIDDLEWARE] User authenticated: long (TEACHER)
--- [DEBUG] GET /api/students endpoint hit ---
Authenticated User: {
  userId: '5ca64703-c978-4d01-bf44-a7568f34f556',
  username: 'long',
  name: '龙老师',
  displayName: '龙老师',
  email: null,
  role: 'TEACHER',
  schoolId: '625e503b-aa7e-44fe-9982-237d828af717',
  schoolName: '星途与伴',
  primaryClassName: '六年级1班'
}
School ID from user: 625e503b-aa7e-44fe-9982-237d828af717
Request query params: { schoolId: '625e503b-aa7e-44fe-9982-237d828af717', limit: '100' }
[DEBUG] Query object sent to service: {
  schoolId: '625e503b-aa7e-44fe-9982-237d828af717',
  className: undefined,
  search: undefined,
  page: undefined,
  limit: 100,
  teacherId: '5ca64703-c978-4d01-bf44-a7568f34f556',
  scope: undefined,
  userRole: 'TEACHER',
  requesterId: '5ca64703-c978-4d01-bf44-a7568f34f556'
}
[DEBUG] ✅ teacherId is present: 5ca64703-c978-4d01-bf44-a7568f34f556
[TEACHER BINDING] Fetching students with query: {
  schoolId: '625e503b-aa7e-44fe-9982-237d828af717',
  teacherId: '5ca64703-c978-4d01-bf44-a7568f34f556',
  scope: undefined,
  userRole: 'TEACHER'
}
[DEBUG] 🔍 Checking teacherId distribution before query...
2026-01-12T07:46:36.109Z - GET /api/challenges
🔐 [AUTH_MIDDLEWARE] Processing GET /
🔐 [AUTH_MIDDLEWARE] Token found: true, Length: 467
🔐 [AUTH_MIDDLEWARE] Token verification result: true
✅ [AUTH_MIDDLEWARE] User authenticated: long (TEACHER)
[DEBUG] 📊 TeacherId distribution: {
  '5ca64703-c978-4d01-bf44-a7568f34f556': 8,
  '10a89d3e-7b40-461c-a6dd-b71c00111fbf': 9,
  '5d26104b-58a4-4c38-90d6-d03ff7fa76de': 12
}
[DEBUG] 📊 Total students in DB: 29
[TEACHER BINDING] Default: querying students for teachers: 5ca64703-c978-4d01-bf44-a7568f34f556
[TEACHER BINDING] ⚠️ Using teacherId only for student filtering (className filter removed)
[TEACHER BINDING] ✅ Found 8 students for scope: undefined
[DEBUG] Service returned: {
  students: [
    {
      id: '68e8a25d-1ad1-4aec-b9f6-916544b62b54',
      name: '龙卓豫',
      className: '六年级1班',
      avatarUrl: '/avatar.jpg',
      points: 3620,
      exp: 14170,
      level: 21,
      teacherId: '5ca64703-c978-4d01-bf44-a7568f34f556',
      isActive: true,
      grade: '二年级',
      semester: '上册'
    },
    {
      id: '1896c410-1a91-4281-ac02-797756c638cc',
      name: '宁可歆',
      className: null,
      avatarUrl: null,
      points: 1460,
      exp: 330,
      level: 2,
      teacherId: '5ca64703-c978-4d01-bf44-a7568f34f556',
      isActive: true,
      grade: '五年级',
      semester: '上册'
    },
    {
      id: '47938c35-a307-4191-84a8-bf798d599505',
      name: '廖潇然',
      className: '六年级1班',
      avatarUrl: null,
      points: 186,
      exp: 250,
      level: 1,
      teacherId: '5ca64703-c978-4d01-bf44-a7568f34f556',
      isActive: true,
      grade: null,
      semester: null
    },
    {
      id: '83147758-d2d7-4541-a7c1-5892b809ccc8',
      name: '彭斯晟',
      className: '六年级1班',
      avatarUrl: null,
      points: 333,
      exp: 150,
      level: 1,
      teacherId: '5ca64703-c978-4d01-bf44-a7568f34f556',
      isActive: true,
      grade: null,
      semester: null
    },
    {
      id: '31895b6e-8fb0-4eb8-838c-3c0d3d71bbcb',
      name: '曾欣媛',
      className: null,
      avatarUrl: null,
      points: 362,
      exp: 75,
      level: 1,
      teacherId: '5ca64703-c978-4d01-bf44-a7568f34f556',
      isActive: true,
      grade: '五年级',
      semester: '上册'
    },
    {
      id: 'a3a72793-7c76-4f14-b18c-d786db55ff26',
      name: '樊牧宸',
      className: '六年级1班',
      avatarUrl: null,
      points: 329,
      exp: 50,
      level: 1,
      teacherId: '5ca64703-c978-4d01-bf44-a7568f34f556',
      isActive: true,
      grade: '五年级',
      semester: '上册'
    },
    {
      id: 'b043aea7-874b-4505-8274-50526192fde8',
      name: '肖浩轩',
      className: '六年级1班',
      avatarUrl: null,
      points: 318,
      exp: 50,
      level: 1,
      teacherId: '5ca64703-c978-4d01-bf44-a7568f34f556',
      isActive: true,
      grade: null,
      semester: null
    },
    {
      id: '65697759-b4ba-49ae-9f18-101730f7bf47',
      name: '刘梓萌',
      className: '六年级1班',
      avatarUrl: null,
      points: 731,
      exp: 25,
      level: 1,
      teacherId: '5ca64703-c978-4d01-bf44-a7568f34f556',
      isActive: true,
      grade: '六年级',
      semester: '上册'
    }
  ],
  pagination: { page: 1, limit: 100, total: 8, totalPages: 1 }
}
[DEBUG] Number of students in result: 8
[DEBUG] Students data preview: [
  {
    id: '68e8a25d-1ad1-4aec-b9f6-916544b62b54',
    name: '龙卓豫',
    className: '六年级1班',
    avatarUrl: '/avatar.jpg',
    points: 3620,
    exp: 14170,
    level: 21,
    teacherId: '5ca64703-c978-4d01-bf44-a7568f34f556',
    isActive: true,
    grade: '二年级',
    semester: '上册'
  },
  {
    id: '1896c410-1a91-4281-ac02-797756c638cc',
    name: '宁可歆',
    className: null,
    avatarUrl: null,
    points: 1460,
    exp: 330,
    level: 2,
    teacherId: '5ca64703-c978-4d01-bf44-a7568f34f556',
    isActive: true,
    grade: '五年级',
    semester: '上册'
  }
]
[DEBUG] Response sent to frontend successfully
2026-01-12T07:46:36.184Z - GET /api/challenges/c12262d8-c29b-48f4-8b60-310f305f19e2/participants
🔐 [AUTH_MIDDLEWARE] Processing GET /c12262d8-c29b-48f4-8b60-310f305f19e2/participants
🔐 [AUTH_MIDDLEWARE] Token found: true, Length: 467
🔐 [AUTH_MIDDLEWARE] Token verification result: true
✅ [AUTH_MIDDLEWARE] User authenticated: long (TEACHER)
2026-01-12T07:46:36.185Z - GET /api/challenges/e6319751-1105-4a03-ba3c-5af779930d45/participants
🔐 [AUTH_MIDDLEWARE] Processing GET /e6319751-1105-4a03-ba3c-5af779930d45/participants
🔐 [AUTH_MIDDLEWARE] Token found: true, Length: 467
🔐 [AUTH_MIDDLEWARE] Token verification result: true
✅ [AUTH_MIDDLEWARE] User authenticated: long (TEACHER)
2026-01-12T07:46:36.187Z - GET /api/challenges/3645f00e-e64c-4a51-a889-cf7069440ae5/participants
🔐 [AUTH_MIDDLEWARE] Processing GET /3645f00e-e64c-4a51-a889-cf7069440ae5/participants
🔐 [AUTH_MIDDLEWARE] Token found: true, Length: 467
🔐 [AUTH_MIDDLEWARE] Token verification result: true
✅ [AUTH_MIDDLEWARE] User authenticated: long (TEACHER)
2026-01-12T07:46:36.188Z - GET /api/challenges/d2a3ae15-c91c-4fcb-aa89-c62eaeded2eb/participants
🔐 [AUTH_MIDDLEWARE] Processing GET /d2a3ae15-c91c-4fcb-aa89-c62eaeded2eb/participants
🔐 [AUTH_MIDDLEWARE] Token found: true, Length: 467
🔐 [AUTH_MIDDLEWARE] Token verification result: true
✅ [AUTH_MIDDLEWARE] User authenticated: long (TEACHER)
2026-01-12T07:46:36.190Z - GET /api/challenges/dc215397-6e3e-4229-b74e-6da1be0529f4/participants
🔐 [AUTH_MIDDLEWARE] Processing GET /dc215397-6e3e-4229-b74e-6da1be0529f4/participants
🔐 [AUTH_MIDDLEWARE] Token found: true, Length: 467
🔐 [AUTH_MIDDLEWARE] Token verification result: true
✅ [AUTH_MIDDLEWARE] User authenticated: long (TEACHER)
2026-01-12T07:46:36.192Z - GET /api/challenges/56e6e647-d396-41b1-9df9-bfa45d78fa6f/participants
🔐 [AUTH_MIDDLEWARE] Processing GET /56e6e647-d396-41b1-9df9-bfa45d78fa6f/participants
🔐 [AUTH_MIDDLEWARE] Token found: true, Length: 467
🔐 [AUTH_MIDDLEWARE] Token verification result: true
✅ [AUTH_MIDDLEWARE] User authenticated: long (TEACHER)
2026-01-12T07:46:36.240Z - GET /api/challenges/6e185c14-fd95-41d5-a311-c3da62c19a99/participants
🔐 [AUTH_MIDDLEWARE] Processing GET /6e185c14-fd95-41d5-a311-c3da62c19a99/participants
🔐 [AUTH_MIDDLEWARE] Token found: true, Length: 467
🔐 [AUTH_MIDDLEWARE] Token verification result: true
✅ [AUTH_MIDDLEWARE] User authenticated: long (TEACHER)
2026-01-12T07:46:36.243Z - GET /api/challenges/7227ee9d-faae-43b2-934d-c56f8bbcb8d3/participants
🔐 [AUTH_MIDDLEWARE] Processing GET /7227ee9d-faae-43b2-934d-c56f8bbcb8d3/participants
🔐 [AUTH_MIDDLEWARE] Token found: true, Length: 467
🔐 [AUTH_MIDDLEWARE] Token verification result: true
✅ [AUTH_MIDDLEWARE] User authenticated: long (TEACHER)
2026-01-12T07:46:36.246Z - GET /api/challenges/a6a66b78-f599-4cd8-aa09-d4e2746e0a73/participants
🔐 [AUTH_MIDDLEWARE] Processing GET /a6a66b78-f599-4cd8-aa09-d4e2746e0a73/participants
🔐 [AUTH_MIDDLEWARE] Token found: true, Length: 467
🔐 [AUTH_MIDDLEWARE] Token verification result: true
✅ [AUTH_MIDDLEWARE] User authenticated: long (TEACHER)
2026-01-12T07:46:36.248Z - GET /api/challenges/0c7021e2-2007-423f-bfcc-00a685871ac1/participants
🔐 [AUTH_MIDDLEWARE] Processing GET /0c7021e2-2007-423f-bfcc-00a685871ac1/participants
🔐 [AUTH_MIDDLEWARE] Token found: true, Length: 467
🔐 [AUTH_MIDDLEWARE] Token verification result: true
✅ [AUTH_MIDDLEWARE] User authenticated: long (TEACHER)
2026-01-12T07:46:36.250Z - GET /api/challenges/be7bca9c-8c74-4962-b40e-71b7afe8c5e6/participants
🔐 [AUTH_MIDDLEWARE] Processing GET /be7bca9c-8c74-4962-b40e-71b7afe8c5e6/participants
🔐 [AUTH_MIDDLEWARE] Token found: true, Length: 467
🔐 [AUTH_MIDDLEWARE] Token verification result: true
✅ [AUTH_MIDDLEWARE] User authenticated: long (TEACHER)
2026-01-12T07:46:36.252Z - GET /api/challenges/6b462187-78d3-41d0-8911-e61241e512c2/participants
🔐 [AUTH_MIDDLEWARE] Processing GET /6b462187-78d3-41d0-8911-e61241e512c2/participants
🔐 [AUTH_MIDDLEWARE] Token found: true, Length: 467
🔐 [AUTH_MIDDLEWARE] Token verification result: true
✅ [AUTH_MIDDLEWARE] User authenticated: long (TEACHER)
2026-01-12T07:46:36.306Z - GET /avatar.jpg
2026-01-12T07:46:37.339Z - GET /api/challenges/fa35545b-9b8e-4858-b599-1ae99f19c2c7/participants
🔐 [AUTH_MIDDLEWARE] Processing GET /fa35545b-9b8e-4858-b599-1ae99f19c2c7/participants
🔐 [AUTH_MIDDLEWARE] Token found: true, Length: 467
🔐 [AUTH_MIDDLEWARE] Token verification result: true
✅ [AUTH_MIDDLEWARE] User authenticated: long (TEACHER)
2026-01-12T07:46:37.392Z - GET /avatar.jpg
2026-01-12T07:46:40.462Z - GET /api/dashboard/bigscreen
📺 [BIGSCREEN] Loading data for school: 1
📺 [BIGSCREEN] Fetching data for school: 1
🔍 [大屏调试] 过滤前任务数量: 0
✅ [大屏调试] 过滤后任务数量: 0
📊 [大屏调试] 最终activities数量: 0
2026-01-12T07:46:41.100Z - GET /api/challenges
🔐 [AUTH_MIDDLEWARE] Processing GET /
🔐 [AUTH_MIDDLEWARE] Token found: false, Length: 0
❌ [AUTH_MIDDLEWARE] No token provided
2026-01-12T07:46:41.978Z - GET /api/dashboard/bigscreen
📺 [BIGSCREEN] Loading data for school: 625e503b-aa7e-44fe-9982-237d828af717
📺 [BIGSCREEN] Fetching data for school: 625e503b-aa7e-44fe-9982-237d828af717
🔍 [大屏调试] 过滤前任务数量: 8
✅ [大屏调试] 过滤后任务数量: 8
📊 [大屏调试] 最终activities数量: 20
📋 [大屏调试] Activities列表: [
  {
    title: '【阅读记录】《神探狗狗球为谁而滚》 120分钟',
    type: 'progress',
    student: '肖雨虹'
  },
  { title: '【阅读记录】《你真好》 120分钟', type: 'progress', student: '肖雨虹' },
  { title: '【阅读记录】《谁在做鬼脸》 120分钟', type: 'progress', student: '肖雨虹' },
  {
    title: '【阅读记录】《大侦探福尔摩斯史上最强的女对手》 120分钟',
    type: 'progress',
    student: '肖雨虹'
  },
  { title: '【阅读记录】《逻辑推理游戏》 120分钟', type: 'progress', student: '肖雨虹' },
  {
    title: '【阅读记录】《科学大爆炸双猫传奇》 120分钟',
    type: 'progress',
    student: '肖雨虹'
  },
  {
    title: '【阅读记录】《科学大爆炸双猫传奇》 120分钟',
    type: 'progress',
    student: '肖雨虹'
  },
  { title: '【阅读记录】《逻辑推理游戏》 120分钟', type: 'progress', student: '肖雨虹' },
  { title: '【阅读记录】《太空邮递员3》 120分钟', type: 'progress', student: '肖雨虹' },
  { title: '【阅读记录】《成为猴子的日子》 120分钟', type: 'progress', student: '肖雨虹' },
  {
    title: '【阅读记录】《大侦探福尔摩斯史上最强的女对手》 120分钟',
    type: 'progress',
    student: '肖雨虹'
  },
  {
    title: '【阅读记录】《大侦探福尔摩斯四个神秘的签名》 120分钟',
    type: 'progress',
    student: '肖雨虹'
  },
  {
    title: '【阅读记录】《科学大爆炸智能的进化》 120分钟',
    type: 'progress',
    student: '肖雨虹'
  },
  {
    title: '【阅读记录】《科学大爆炸智能的进化》 120分钟',
    type: 'progress',
    student: '肖雨虹'
  },
  {
    title: '【阅读记录】《科学大爆炸智能的进化》 120分钟',
    type: 'progress',
    student: '肖雨虹'
  },
  {
    title: '【阅读记录】《科学大爆炸智能的进化》 120分钟',
    type: 'progress',
    student: '肖雨虹'
  },
  { title: '【综合成长】作业的自主检查', type: 'growth', student: '龙卓豫' },
  {
    title: '【阅读记录】《大侦探福尔摩斯追凶20年》 120分钟',
    type: 'progress',
    student: '肖雨虹'
  },
  { title: '【核心教学法】阅读理解策略练习', type: 'methodology', student: '龙卓豫' },
  { title: '【核心教学法】时间管理练习', type: 'methodology', student: '龙卓豫' }
]
2026-01-12T07:46:43.188Z - GET /screen
🔌 用户 long 断开连接: lCGxfXaV-5ypwMbVAAAB - 原因: transport close
📊 剩余活跃连接数: 0
📡 向学校 625e503b-aa7e-44fe-9982-237d828af717 广播事件: USER_OFFLINE
2026-01-12T07:46:43.314Z - GET /assets/index-BRw2ff-k.js
2026-01-12T07:46:43.317Z - GET /assets/index-LC03ls95.css
2026-01-12T07:46:44.738Z - GET /api/auth/me
🔐 [AUTH_MIDDLEWARE] Processing GET /me
🔐 [AUTH_MIDDLEWARE] Token found: true, Length: 467
🔐 [AUTH_MIDDLEWARE] Token verification result: true
✅ [AUTH_MIDDLEWARE] User authenticated: long (TEACHER)
2026-01-12T07:46:44.816Z - GET /vite.svg
2026-01-12T07:46:44.848Z - GET /api/pkmatch
2026-01-12T07:46:44.850Z - GET /api/dashboard/bigscreen
📺 [BIGSCREEN] Loading data for school: 625e503b-aa7e-44fe-9982-237d828af717
📺 [BIGSCREEN] Fetching data for school: 625e503b-aa7e-44fe-9982-237d828af717
2026-01-12T07:46:44.852Z - GET /api/students/classes
🔐 [AUTH_MIDDLEWARE] Processing GET /classes
🔐 [AUTH_MIDDLEWARE] Token found: true, Length: 467
🔐 [AUTH_MIDDLEWARE] Token verification result: true
✅ [AUTH_MIDDLEWARE] User authenticated: long (TEACHER)
[DEBUG] getClasses - User: {
  userId: '5ca64703-c978-4d01-bf44-a7568f34f556',
  username: 'long',
  name: '龙老师',
  displayName: '龙老师',
  email: null,
  role: 'TEACHER',
  schoolId: '625e503b-aa7e-44fe-9982-237d828af717',
  schoolName: '星途与伴',
  primaryClassName: '六年级1班'
}
[DEBUG] getClasses - SchoolId: 625e503b-aa7e-44fe-9982-237d828af717
🔍 [大屏调试] 过滤前任务数量: 8
✅ [大屏调试] 过滤后任务数量: 8
📊 [大屏调试] 最终activities数量: 20
📋 [大屏调试] Activities列表: [
  {
    title: '【阅读记录】《神探狗狗球为谁而滚》 120分钟',
    type: 'progress',
    student: '肖雨虹'
  },
  { title: '【阅读记录】《你真好》 120分钟', type: 'progress', student: '肖雨虹' },
  { title: '【阅读记录】《谁在做鬼脸》 120分钟', type: 'progress', student: '肖雨虹' },
  {
    title: '【阅读记录】《大侦探福尔摩斯史上最强的女对手》 120分钟',
    type: 'progress',
    student: '肖雨虹'
  },
  { title: '【阅读记录】《逻辑推理游戏》 120分钟', type: 'progress', student: '肖雨虹' },
  {
    title: '【阅读记录】《科学大爆炸双猫传奇》 120分钟',
    type: 'progress',
    student: '肖雨虹'
  },
  {
    title: '【阅读记录】《科学大爆炸双猫传奇》 120分钟',
    type: 'progress',
    student: '肖雨虹'
  },
  { title: '【阅读记录】《逻辑推理游戏》 120分钟', type: 'progress', student: '肖雨虹' },
  { title: '【阅读记录】《太空邮递员3》 120分钟', type: 'progress', student: '肖雨虹' },
  { title: '【阅读记录】《成为猴子的日子》 120分钟', type: 'progress', student: '肖雨虹' },
  {
    title: '【阅读记录】《大侦探福尔摩斯史上最强的女对手》 120分钟',
    type: 'progress',
    student: '肖雨虹'
  },
  {
    title: '【阅读记录】《大侦探福尔摩斯四个神秘的签名》 120分钟',
    type: 'progress',
    student: '肖雨虹'
  },
  {
    title: '【阅读记录】《科学大爆炸智能的进化》 120分钟',
    type: 'progress',
    student: '肖雨虹'
  },
  {
    title: '【阅读记录】《科学大爆炸智能的进化》 120分钟',
    type: 'progress',
    student: '肖雨虹'
  },
  {
    title: '【阅读记录】《科学大爆炸智能的进化》 120分钟',
    type: 'progress',
    student: '肖雨虹'
  },
  {
    title: '【阅读记录】《科学大爆炸智能的进化》 120分钟',
    type: 'progress',
    student: '肖雨虹'
  },
  { title: '【综合成长】作业的自主检查', type: 'growth', student: '龙卓豫' },
  {
    title: '【阅读记录】《大侦探福尔摩斯追凶20年》 120分钟',
    type: 'progress',
    student: '肖雨虹'
  },
  { title: '【核心教学法】阅读理解策略练习', type: 'methodology', student: '龙卓豫' },
  { title: '【核心教学法】时间管理练习', type: 'methodology', student: '龙卓豫' }
]
🔌 Socket S3L3a8TW1OEQUi3gAAAD 连接失败: 缺少认证令牌
2026-01-12T07:46:44.925Z - GET /avatar.jpg
🔌 Socket fceax7AX4oM1KIrEAAAG 认证成功: long(TEACHER) - School: 625e503b-aa7e-44fe-9982-237d828af717
🔌 用户 long 已连接: fceax7AX4oM1KIrEAAAG
📊 当前活跃连接数: 2
🏠 用户 long 加入学校房间: school_625e503b-aa7e-44fe-9982-237d828af717
📡 向学校 625e503b-aa7e-44fe-9982-237d828af717 广播事件: USER_ONLINE
🏠 用户 long 加入学校房间: school_625e503b-aa7e-44fe-9982-237d828af717
🏠 BigScreen 加入学校房间: school_625e503b-aa7e-44fe-9982-237d828af717
2026-01-12T07:47:00.055Z - GET /api/dashboard/bigscreen
📺 [BIGSCREEN] Loading data for school: 625e503b-aa7e-44fe-9982-237d828af717
📺 [BIGSCREEN] Fetching data for school: 625e503b-aa7e-44fe-9982-237d828af717
🔍 [大屏调试] 过滤前任务数量: 8
✅ [大屏调试] 过滤后任务数量: 8
📊 [大屏调试] 最终activities数量: 20
📋 [大屏调试] Activities列表: [
  {
    title: '【阅读记录】《神探狗狗球为谁而滚》 120分钟',
    type: 'progress',
    student: '肖雨虹'
  },
  { title: '【阅读记录】《你真好》 120分钟', type: 'progress', student: '肖雨虹' },
  { title: '【阅读记录】《谁在做鬼脸》 120分钟', type: 'progress', student: '肖雨虹' },
  {
    title: '【阅读记录】《大侦探福尔摩斯史上最强的女对手》 120分钟',
    type: 'progress',
    student: '肖雨虹'
  },
  { title: '【阅读记录】《逻辑推理游戏》 120分钟', type: 'progress', student: '肖雨虹' },
  {
    title: '【阅读记录】《科学大爆炸双猫传奇》 120分钟',
    type: 'progress',
    student: '肖雨虹'
  },
  {
    title: '【阅读记录】《科学大爆炸双猫传奇》 120分钟',
    type: 'progress',
    student: '肖雨虹'
  },
  { title: '【阅读记录】《逻辑推理游戏》 120分钟', type: 'progress', student: '肖雨虹' },
  { title: '【阅读记录】《太空邮递员3》 120分钟', type: 'progress', student: '肖雨虹' },
  { title: '【阅读记录】《成为猴子的日子》 120分钟', type: 'progress', student: '肖雨虹' },
  {
    title: '【阅读记录】《大侦探福尔摩斯史上最强的女对手》 120分钟',
    type: 'progress',
    student: '肖雨虹'
  },
  {
    title: '【阅读记录】《大侦探福尔摩斯四个神秘的签名》 120分钟',
    type: 'progress',
    student: '肖雨虹'
  },
  {
    title: '【阅读记录】《科学大爆炸智能的进化》 120分钟',
    type: 'progress',
    student: '肖雨虹'
  },
  {
    title: '【阅读记录】《科学大爆炸智能的进化》 120分钟',
    type: 'progress',
    student: '肖雨虹'
  },
  {
    title: '【阅读记录】《科学大爆炸智能的进化》 120分钟',
    type: 'progress',
    student: '肖雨虹'
  },
  {
    title: '【阅读记录】《科学大爆炸智能的进化》 120分钟',
    type: 'progress',
    student: '肖雨虹'
  },
  { title: '【综合成长】作业的自主检查', type: 'growth', student: '龙卓豫' },
  {
    title: '【阅读记录】《大侦探福尔摩斯追凶20年》 120分钟',
    type: 'progress',
    student: '肖雨虹'
  },
  { title: '【核心教学法】阅读理解策略练习', type: 'methodology', student: '龙卓豫' },
  { title: '【核心教学法】时间管理练习', type: 'methodology', student: '龙卓豫' }
]
2026-01-12T07:47:04.865Z - GET /api/challenges/fa35545b-9b8e-4858-b599-1ae99f19c2c7/participants
🔐 [AUTH_MIDDLEWARE] Processing GET /fa35545b-9b8e-4858-b599-1ae99f19c2c7/participants
🔐 [AUTH_MIDDLEWARE] Token found: true, Length: 467
🔐 [AUTH_MIDDLEWARE] Token verification result: true
✅ [AUTH_MIDDLEWARE] User authenticated: long (TEACHER)
2026-01-12T07:47:04.867Z - GET /api/challenges/fa35545b-9b8e-4858-b599-1ae99f19c2c7/participants
🔐 [AUTH_MIDDLEWARE] Processing GET /fa35545b-9b8e-4858-b599-1ae99f19c2c7/participants
🔐 [AUTH_MIDDLEWARE] Token found: true, Length: 467
🔐 [AUTH_MIDDLEWARE] Token verification result: true
✅ [AUTH_MIDDLEWARE] User authenticated: long (TEACHER)
2026-01-12T07:47:04.941Z - GET /api/challenges/fa35545b-9b8e-4858-b599-1ae99f19c2c7/participants
🔐 [AUTH_MIDDLEWARE] Processing GET /fa35545b-9b8e-4858-b599-1ae99f19c2c7/participants
🔐 [AUTH_MIDDLEWARE] Token found: true, Length: 467
🔐 [AUTH_MIDDLEWARE] Token verification result: true
✅ [AUTH_MIDDLEWARE] User authenticated: long (TEACHER)
2026-01-12T07:47:05.018Z - GET /api/challenges/fa35545b-9b8e-4858-b599-1ae99f19c2c7/participants
🔐 [AUTH_MIDDLEWARE] Processing GET /fa35545b-9b8e-4858-b599-1ae99f19c2c7/participants
🔐 [AUTH_MIDDLEWARE] Token found: true, Length: 467
🔐 [AUTH_MIDDLEWARE] Token verification result: true
✅ [AUTH_MIDDLEWARE] User authenticated: long (TEACHER)
2026-01-12T07:47:05.068Z - GET /avatar.jpg
2026-01-12T07:47:05.126Z - GET /api/challenges/fa35545b-9b8e-4858-b599-1ae99f19c2c7/participants
🔐 [AUTH_MIDDLEWARE] Processing GET /fa35545b-9b8e-4858-b599-1ae99f19c2c7/participants
🔐 [AUTH_MIDDLEWARE] Token found: true, Length: 467
🔐 [AUTH_MIDDLEWARE] Token verification result: true
✅ [AUTH_MIDDLEWARE] User authenticated: long (TEACHER)
2026-01-12T07:47:05.175Z - GET /avatar.jpg
2026-01-12T07:47:06.249Z - GET /api/challenges/fa35545b-9b8e-4858-b599-1ae99f19c2c7/participants
🔐 [AUTH_MIDDLEWARE] Processing GET /fa35545b-9b8e-4858-b599-1ae99f19c2c7/participants
🔐 [AUTH_MIDDLEWARE] Token found: true, Length: 467
🔐 [AUTH_MIDDLEWARE] Token verification result: true
✅ [AUTH_MIDDLEWARE] User authenticated: long (TEACHER)
2026-01-12T07:47:06.303Z - GET /api/challenges/fa35545b-9b8e-4858-b599-1ae99f19c2c7/participants
🔐 [AUTH_MIDDLEWARE] Processing GET /fa35545b-9b8e-4858-b599-1ae99f19c2c7/participants
🔐 [AUTH_MIDDLEWARE] Token found: true, Length: 467
🔐 [AUTH_MIDDLEWARE] Token verification result: true
✅ [AUTH_MIDDLEWARE] User authenticated: long (TEACHER)
2026-01-12T07:47:06.389Z - GET /avatar.jpg
2026-01-12T07:47:07.153Z - GET /api/challenges/fa35545b-9b8e-4858-b599-1ae99f19c2c7/participants
🔐 [AUTH_MIDDLEWARE] Processing GET /fa35545b-9b8e-4858-b599-1ae99f19c2c7/participants
🔐 [AUTH_MIDDLEWARE] Token found: true, Length: 467
🔐 [AUTH_MIDDLEWARE] Token verification result: true
✅ [AUTH_MIDDLEWARE] User authenticated: long (TEACHER)
2026-01-12T07:47:07.200Z - GET /api/challenges/fa35545b-9b8e-4858-b599-1ae99f19c2c7/participants
🔐 [AUTH_MIDDLEWARE] Processing GET /fa35545b-9b8e-4858-b599-1ae99f19c2c7/participants
🔐 [AUTH_MIDDLEWARE] Token found: true, Length: 467
🔐 [AUTH_MIDDLEWARE] Token verification result: true
✅ [AUTH_MIDDLEWARE] User authenticated: long (TEACHER)
2026-01-12T07:47:07.252Z - GET /avatar.jpg
2026-01-12T07:47:07.505Z - GET /api/challenges/fa35545b-9b8e-4858-b599-1ae99f19c2c7/participants
🔐 [AUTH_MIDDLEWARE] Processing GET /fa35545b-9b8e-4858-b599-1ae99f19c2c7/participants
🔐 [AUTH_MIDDLEWARE] Token found: true, Length: 467
🔐 [AUTH_MIDDLEWARE] Token verification result: true
✅ [AUTH_MIDDLEWARE] User authenticated: long (TEACHER)
2026-01-12T07:47:07.555Z - GET /avatar.jpg
2026-01-12T07:47:09.322Z - GET /api/challenges/fa35545b-9b8e-4858-b599-1ae99f19c2c7/participants
🔐 [AUTH_MIDDLEWARE] Processing GET /fa35545b-9b8e-4858-b599-1ae99f19c2c7/participants
🔐 [AUTH_MIDDLEWARE] Token found: true, Length: 467
🔐 [AUTH_MIDDLEWARE] Token verification result: true
✅ [AUTH_MIDDLEWARE] User authenticated: long (TEACHER)
2026-01-12T07:47:09.370Z - GET /api/challenges/fa35545b-9b8e-4858-b599-1ae99f19c2c7/participants
🔐 [AUTH_MIDDLEWARE] Processing GET /fa35545b-9b8e-4858-b599-1ae99f19c2c7/participants
🔐 [AUTH_MIDDLEWARE] Token found: true, Length: 467
🔐 [AUTH_MIDDLEWARE] Token verification result: true
✅ [AUTH_MIDDLEWARE] User authenticated: long (TEACHER)
2026-01-12T07:47:09.393Z - GET /api/challenges/fa35545b-9b8e-4858-b599-1ae99f19c2c7/participants
🔐 [AUTH_MIDDLEWARE] Processing GET /fa35545b-9b8e-4858-b599-1ae99f19c2c7/participants
🔐 [AUTH_MIDDLEWARE] Token found: true, Length: 467
🔐 [AUTH_MIDDLEWARE] Token verification result: true
✅ [AUTH_MIDDLEWARE] User authenticated: long (TEACHER)
2026-01-12T07:47:09.442Z - GET /avatar.jpg
2026-01-12T07:47:10.833Z - GET /api/challenges/fa35545b-9b8e-4858-b599-1ae99f19c2c7/participants
🔐 [AUTH_MIDDLEWARE] Processing GET /fa35545b-9b8e-4858-b599-1ae99f19c2c7/participants
🔐 [AUTH_MIDDLEWARE] Token found: true, Length: 467
🔐 [AUTH_MIDDLEWARE] Token verification result: true
✅ [AUTH_MIDDLEWARE] User authenticated: long (TEACHER)
2026-01-12T07:47:10.905Z - GET /avatar.jpg
2026-01-12T07:47:11.139Z - GET /api/challenges/fa35545b-9b8e-4858-b599-1ae99f19c2c7/participants
🔐 [AUTH_MIDDLEWARE] Processing GET /fa35545b-9b8e-4858-b599-1ae99f19c2c7/participants
🔐 [AUTH_MIDDLEWARE] Token found: true, Length: 467
🔐 [AUTH_MIDDLEWARE] Token verification result: true
✅ [AUTH_MIDDLEWARE] User authenticated: long (TEACHER)
2026-01-12T07:47:11.211Z - GET /api/challenges/fa35545b-9b8e-4858-b599-1ae99f19c2c7/participants
🔐 [AUTH_MIDDLEWARE] Processing GET /fa35545b-9b8e-4858-b599-1ae99f19c2c7/participants
🔐 [AUTH_MIDDLEWARE] Token found: true, Length: 467
🔐 [AUTH_MIDDLEWARE] Token verification result: true
✅ [AUTH_MIDDLEWARE] User authenticated: long (TEACHER)
2026-01-12T07:47:11.263Z - GET /avatar.jpg
2026-01-12T07:47:11.391Z - GET /api/challenges/fa35545b-9b8e-4858-b599-1ae99f19c2c7/participants
🔐 [AUTH_MIDDLEWARE] Processing GET /fa35545b-9b8e-4858-b599-1ae99f19c2c7/participants
🔐 [AUTH_MIDDLEWARE] Token found: true, Length: 467
🔐 [AUTH_MIDDLEWARE] Token verification result: true
✅ [AUTH_MIDDLEWARE] User authenticated: long (TEACHER)
2026-01-12T07:47:11.441Z - GET /api/challenges/fa35545b-9b8e-4858-b599-1ae99f19c2c7/participants
🔐 [AUTH_MIDDLEWARE] Processing GET /fa35545b-9b8e-4858-b599-1ae99f19c2c7/participants
🔐 [AUTH_MIDDLEWARE] Token found: true, Length: 467
🔐 [AUTH_MIDDLEWARE] Token verification result: true
✅ [AUTH_MIDDLEWARE] User authenticated: long (TEACHER)
2026-01-12T07:47:11.487Z - GET /api/challenges/fa35545b-9b8e-4858-b599-1ae99f19c2c7/participants
🔐 [AUTH_MIDDLEWARE] Processing GET /fa35545b-9b8e-4858-b599-1ae99f19c2c7/participants
🔐 [AUTH_MIDDLEWARE] Token found: true, Length: 467
🔐 [AUTH_MIDDLEWARE] Token verification result: true
✅ [AUTH_MIDDLEWARE] User authenticated: long (TEACHER)
2026-01-12T07:47:11.543Z - GET /avatar.jpg
2026-01-12T07:47:11.576Z - GET /api/challenges/fa35545b-9b8e-4858-b599-1ae99f19c2c7/participants
🔐 [AUTH_MIDDLEWARE] Processing GET /fa35545b-9b8e-4858-b599-1ae99f19c2c7/participants
🔐 [AUTH_MIDDLEWARE] Token found: true, Length: 467
🔐 [AUTH_MIDDLEWARE] Token verification result: true
✅ [AUTH_MIDDLEWARE] User authenticated: long (TEACHER)
2026-01-12T07:47:11.614Z - GET /api/challenges/fa35545b-9b8e-4858-b599-1ae99f19c2c7/participants
🔐 [AUTH_MIDDLEWARE] Processing GET /fa35545b-9b8e-4858-b599-1ae99f19c2c7/participants
🔐 [AUTH_MIDDLEWARE] Token found: true, Length: 467
🔐 [AUTH_MIDDLEWARE] Token verification result: true
✅ [AUTH_MIDDLEWARE] User authenticated: long (TEACHER)
2026-01-12T07:47:11.694Z - GET /avatar.jpg
2026-01-12T07:47:12.412Z - GET /api/challenges/fa35545b-9b8e-4858-b599-1ae99f19c2c7/participants
🔐 [AUTH_MIDDLEWARE] Processing GET /fa35545b-9b8e-4858-b599-1ae99f19c2c7/participants
🔐 [AUTH_MIDDLEWARE] Token found: true, Length: 467
🔐 [AUTH_MIDDLEWARE] Token verification result: true
✅ [AUTH_MIDDLEWARE] User authenticated: long (TEACHER)
2026-01-12T07:47:12.463Z - GET /avatar.jpg
2026-01-12T07:47:12.542Z - GET /api/challenges/fa35545b-9b8e-4858-b599-1ae99f19c2c7/participants
🔐 [AUTH_MIDDLEWARE] Processing GET /fa35545b-9b8e-4858-b599-1ae99f19c2c7/participants
🔐 [AUTH_MIDDLEWARE] Token found: true, Length: 467
🔐 [AUTH_MIDDLEWARE] Token verification result: true
✅ [AUTH_MIDDLEWARE] User authenticated: long (TEACHER)
2026-01-12T07:47:12.593Z - GET /avatar.jpg
2026-01-12T07:47:12.725Z - GET /api/challenges/fa35545b-9b8e-4858-b599-1ae99f19c2c7/participants
🔐 [AUTH_MIDDLEWARE] Processing GET /fa35545b-9b8e-4858-b599-1ae99f19c2c7/participants
🔐 [AUTH_MIDDLEWARE] Token found: true, Length: 467
🔐 [AUTH_MIDDLEWARE] Token verification result: true
✅ [AUTH_MIDDLEWARE] User authenticated: long (TEACHER)
2026-01-12T07:47:12.775Z - GET /avatar.jpg
2026-01-12T07:47:12.813Z - GET /api/challenges/fa35545b-9b8e-4858-b599-1ae99f19c2c7/participants
🔐 [AUTH_MIDDLEWARE] Processing GET /fa35545b-9b8e-4858-b599-1ae99f19c2c7/participants
🔐 [AUTH_MIDDLEWARE] Token found: true, Length: 467
🔐 [AUTH_MIDDLEWARE] Token verification result: true
✅ [AUTH_MIDDLEWARE] User authenticated: long (TEACHER)
2026-01-12T07:47:12.862Z - GET /avatar.jpg
2026-01-12T07:47:12.944Z - GET /api/challenges/fa35545b-9b8e-4858-b599-1ae99f19c2c7/participants
🔐 [AUTH_MIDDLEWARE] Processing GET /fa35545b-9b8e-4858-b599-1ae99f19c2c7/participants
🔐 [AUTH_MIDDLEWARE] Token found: true, Length: 467
🔐 [AUTH_MIDDLEWARE] Token verification result: true
✅ [AUTH_MIDDLEWARE] User authenticated: long (TEACHER)
2026-01-12T07:47:13.032Z - GET /avatar.jpg
2026-01-12T07:47:14.549Z - GET /api/challenges/fa35545b-9b8e-4858-b599-1ae99f19c2c7/participants
🔐 [AUTH_MIDDLEWARE] Processing GET /fa35545b-9b8e-4858-b599-1ae99f19c2c7/participants
🔐 [AUTH_MIDDLEWARE] Token found: true, Length: 467
🔐 [AUTH_MIDDLEWARE] Token verification result: true
✅ [AUTH_MIDDLEWARE] User authenticated: long (TEACHER)
2026-01-12T07:47:14.572Z - GET /api/challenges/fa35545b-9b8e-4858-b599-1ae99f19c2c7/participants
🔐 [AUTH_MIDDLEWARE] Processing GET /fa35545b-9b8e-4858-b599-1ae99f19c2c7/participants
🔐 [AUTH_MIDDLEWARE] Token found: true, Length: 467
🔐 [AUTH_MIDDLEWARE] Token verification result: true
✅ [AUTH_MIDDLEWARE] User authenticated: long (TEACHER)
2026-01-12T07:47:14.622Z - GET /avatar.jpg
2026-01-12T07:47:14.699Z - GET /api/challenges/fa35545b-9b8e-4858-b599-1ae99f19c2c7/participants
🔐 [AUTH_MIDDLEWARE] Processing GET /fa35545b-9b8e-4858-b599-1ae99f19c2c7/participants
🔐 [AUTH_MIDDLEWARE] Token found: true, Length: 467
🔐 [AUTH_MIDDLEWARE] Token verification result: true
✅ [AUTH_MIDDLEWARE] User authenticated: long (TEACHER)
2026-01-12T07:47:14.740Z - GET /api/challenges/fa35545b-9b8e-4858-b599-1ae99f19c2c7/participants
🔐 [AUTH_MIDDLEWARE] Processing GET /fa35545b-9b8e-4858-b599-1ae99f19c2c7/participants
🔐 [AUTH_MIDDLEWARE] Token found: true, Length: 467
🔐 [AUTH_MIDDLEWARE] Token verification result: true
✅ [AUTH_MIDDLEWARE] User authenticated: long (TEACHER)
2026-01-12T07:47:14.799Z - GET /api/challenges/fa35545b-9b8e-4858-b599-1ae99f19c2c7/participants
🔐 [AUTH_MIDDLEWARE] Processing GET /fa35545b-9b8e-4858-b599-1ae99f19c2c7/participants
🔐 [AUTH_MIDDLEWARE] Token found: true, Length: 467
🔐 [AUTH_MIDDLEWARE] Token verification result: true
✅ [AUTH_MIDDLEWARE] User authenticated: long (TEACHER)
2026-01-12T07:47:14.875Z - GET /avatar.jpg
2026-01-12T07:47:15.075Z - GET /api/challenges/fa35545b-9b8e-4858-b599-1ae99f19c2c7/participants
🔐 [AUTH_MIDDLEWARE] Processing GET /fa35545b-9b8e-4858-b599-1ae99f19c2c7/participants
🔐 [AUTH_MIDDLEWARE] Token found: true, Length: 467
🔐 [AUTH_MIDDLEWARE] Token verification result: true
✅ [AUTH_MIDDLEWARE] User authenticated: long (TEACHER)
2026-01-12T07:47:15.077Z - GET /api/dashboard/bigscreen
📺 [BIGSCREEN] Loading data for school: 625e503b-aa7e-44fe-9982-237d828af717
📺 [BIGSCREEN] Fetching data for school: 625e503b-aa7e-44fe-9982-237d828af717
🔍 [大屏调试] 过滤前任务数量: 8
✅ [大屏调试] 过滤后任务数量: 8
📊 [大屏调试] 最终activities数量: 20
📋 [大屏调试] Activities列表: [
  {
    title: '【阅读记录】《神探狗狗球为谁而滚》 120分钟',
    type: 'progress',
    student: '肖雨虹'
  },
  { title: '【阅读记录】《你真好》 120分钟', type: 'progress', student: '肖雨虹' },
  { title: '【阅读记录】《谁在做鬼脸》 120分钟', type: 'progress', student: '肖雨虹' },
  {
    title: '【阅读记录】《大侦探福尔摩斯史上最强的女对手》 120分钟',
    type: 'progress',
    student: '肖雨虹'
  },
  { title: '【阅读记录】《逻辑推理游戏》 120分钟', type: 'progress', student: '肖雨虹' },
  {
    title: '【阅读记录】《科学大爆炸双猫传奇》 120分钟',
    type: 'progress',
    student: '肖雨虹'
  },
  {
    title: '【阅读记录】《科学大爆炸双猫传奇》 120分钟',
    type: 'progress',
    student: '肖雨虹'
  },
  { title: '【阅读记录】《逻辑推理游戏》 120分钟', type: 'progress', student: '肖雨虹' },
  { title: '【阅读记录】《太空邮递员3》 120分钟', type: 'progress', student: '肖雨虹' },
  { title: '【阅读记录】《成为猴子的日子》 120分钟', type: 'progress', student: '肖雨虹' },
  {
    title: '【阅读记录】《大侦探福尔摩斯史上最强的女对手》 120分钟',
    type: 'progress',
    student: '肖雨虹'
  },
  {
    title: '【阅读记录】《大侦探福尔摩斯四个神秘的签名》 120分钟',
    type: 'progress',
    student: '肖雨虹'
  },
  {
    title: '【阅读记录】《科学大爆炸智能的进化》 120分钟',
    type: 'progress',
    student: '肖雨虹'
  },
  {
    title: '【阅读记录】《科学大爆炸智能的进化》 120分钟',
    type: 'progress',
    student: '肖雨虹'
  },
  {
    title: '【阅读记录】《科学大爆炸智能的进化》 120分钟',
    type: 'progress',
    student: '肖雨虹'
  },
  {
    title: '【阅读记录】《科学大爆炸智能的进化》 120分钟',
    type: 'progress',
    student: '肖雨虹'
  },
  { title: '【综合成长】作业的自主检查', type: 'growth', student: '龙卓豫' },
  {
    title: '【阅读记录】《大侦探福尔摩斯追凶20年》 120分钟',
    type: 'progress',
    student: '肖雨虹'
  },
  { title: '【核心教学法】阅读理解策略练习', type: 'methodology', student: '龙卓豫' },
  { title: '【核心教学法】时间管理练习', type: 'methodology', student: '龙卓豫' }
]
2026-01-12T07:47:15.163Z - GET /api/challenges/fa35545b-9b8e-4858-b599-1ae99f19c2c7/participants
🔐 [AUTH_MIDDLEWARE] Processing GET /fa35545b-9b8e-4858-b599-1ae99f19c2c7/participants
🔐 [AUTH_MIDDLEWARE] Token found: true, Length: 467
🔐 [AUTH_MIDDLEWARE] Token verification result: true
✅ [AUTH_MIDDLEWARE] User authenticated: long (TEACHER)
2026-01-12T07:47:15.233Z - GET /api/challenges/fa35545b-9b8e-4858-b599-1ae99f19c2c7/participants
🔐 [AUTH_MIDDLEWARE] Processing GET /fa35545b-9b8e-4858-b599-1ae99f19c2c7/participants
🔐 [AUTH_MIDDLEWARE] Token found: true, Length: 467
🔐 [AUTH_MIDDLEWARE] Token verification result: true
✅ [AUTH_MIDDLEWARE] User authenticated: long (TEACHER)
2026-01-12T07:47:15.282Z - GET /avatar.jpg
2026-01-12T07:47:15.371Z - GET /api/challenges/fa35545b-9b8e-4858-b599-1ae99f19c2c7/participants
🔐 [AUTH_MIDDLEWARE] Processing GET /fa35545b-9b8e-4858-b599-1ae99f19c2c7/participants
🔐 [AUTH_MIDDLEWARE] Token found: true, Length: 467
🔐 [AUTH_MIDDLEWARE] Token verification result: true
✅ [AUTH_MIDDLEWARE] User authenticated: long (TEACHER)
2026-01-12T07:47:15.423Z - GET /avatar.jpg
2026-01-12T07:47:15.517Z - GET /api/challenges/fa35545b-9b8e-4858-b599-1ae99f19c2c7/participants
🔐 [AUTH_MIDDLEWARE] Processing GET /fa35545b-9b8e-4858-b599-1ae99f19c2c7/participants
🔐 [AUTH_MIDDLEWARE] Token found: true, Length: 467
🔐 [AUTH_MIDDLEWARE] Token verification result: true
✅ [AUTH_MIDDLEWARE] User authenticated: long (TEACHER)
2026-01-12T07:47:15.556Z - GET /api/challenges/fa35545b-9b8e-4858-b599-1ae99f19c2c7/participants
🔐 [AUTH_MIDDLEWARE] Processing GET /fa35545b-9b8e-4858-b599-1ae99f19c2c7/participants
🔐 [AUTH_MIDDLEWARE] Token found: true, Length: 467
🔐 [AUTH_MIDDLEWARE] Token verification result: true
✅ [AUTH_MIDDLEWARE] User authenticated: long (TEACHER)
2026-01-12T07:47:15.634Z - GET /api/challenges/fa35545b-9b8e-4858-b599-1ae99f19c2c7/participants
🔐 [AUTH_MIDDLEWARE] Processing GET /fa35545b-9b8e-4858-b599-1ae99f19c2c7/participants
🔐 [AUTH_MIDDLEWARE] Token found: true, Length: 467
🔐 [AUTH_MIDDLEWARE] Token verification result: true
✅ [AUTH_MIDDLEWARE] User authenticated: long (TEACHER)
2026-01-12T07:47:15.684Z - GET /avatar.jpg
2026-01-12T07:47:16.045Z - GET /api/challenges/fa35545b-9b8e-4858-b599-1ae99f19c2c7/participants
🔐 [AUTH_MIDDLEWARE] Processing GET /fa35545b-9b8e-4858-b599-1ae99f19c2c7/participants
🔐 [AUTH_MIDDLEWARE] Token found: true, Length: 467
🔐 [AUTH_MIDDLEWARE] Token verification result: true
✅ [AUTH_MIDDLEWARE] User authenticated: long (TEACHER)
2026-01-12T07:47:16.085Z - GET /api/challenges/fa35545b-9b8e-4858-b599-1ae99f19c2c7/participants
🔐 [AUTH_MIDDLEWARE] Processing GET /fa35545b-9b8e-4858-b599-1ae99f19c2c7/participants
🔐 [AUTH_MIDDLEWARE] Token found: true, Length: 467
🔐 [AUTH_MIDDLEWARE] Token verification result: true
✅ [AUTH_MIDDLEWARE] User authenticated: long (TEACHER)
2026-01-12T07:47:16.134Z - GET /avatar.jpg
2026-01-12T07:47:16.175Z - GET /api/challenges/fa35545b-9b8e-4858-b599-1ae99f19c2c7/participants
🔐 [AUTH_MIDDLEWARE] Processing GET /fa35545b-9b8e-4858-b599-1ae99f19c2c7/participants
🔐 [AUTH_MIDDLEWARE] Token found: true, Length: 467
🔐 [AUTH_MIDDLEWARE] Token verification result: true
✅ [AUTH_MIDDLEWARE] User authenticated: long (TEACHER)
2026-01-12T07:47:16.228Z - GET /avatar.jpg
2026-01-12T07:47:16.278Z - GET /api/challenges/fa35545b-9b8e-4858-b599-1ae99f19c2c7/participants
🔐 [AUTH_MIDDLEWARE] Processing GET /fa35545b-9b8e-4858-b599-1ae99f19c2c7/participants
🔐 [AUTH_MIDDLEWARE] Token found: true, Length: 467
🔐 [AUTH_MIDDLEWARE] Token verification result: true
✅ [AUTH_MIDDLEWARE] User authenticated: long (TEACHER)
2026-01-12T07:47:16.327Z - GET /avatar.jpg
2026-01-12T07:47:16.390Z - GET /api/challenges/fa35545b-9b8e-4858-b599-1ae99f19c2c7/participants
🔐 [AUTH_MIDDLEWARE] Processing GET /fa35545b-9b8e-4858-b599-1ae99f19c2c7/participants
🔐 [AUTH_MIDDLEWARE] Token found: true, Length: 467
🔐 [AUTH_MIDDLEWARE] Token verification result: true
✅ [AUTH_MIDDLEWARE] User authenticated: long (TEACHER)
2026-01-12T07:47:16.445Z - GET /avatar.jpg
2026-01-12T07:47:17.286Z - GET /api/challenges/fa35545b-9b8e-4858-b599-1ae99f19c2c7/participants
🔐 [AUTH_MIDDLEWARE] Processing GET /fa35545b-9b8e-4858-b599-1ae99f19c2c7/participants
🔐 [AUTH_MIDDLEWARE] Token found: true, Length: 467
🔐 [AUTH_MIDDLEWARE] Token verification result: true
✅ [AUTH_MIDDLEWARE] User authenticated: long (TEACHER)
2026-01-12T07:47:17.305Z - GET /api/challenges/fa35545b-9b8e-4858-b599-1ae99f19c2c7/participants
🔐 [AUTH_MIDDLEWARE] Processing GET /fa35545b-9b8e-4858-b599-1ae99f19c2c7/participants
🔐 [AUTH_MIDDLEWARE] Token found: true, Length: 467
🔐 [AUTH_MIDDLEWARE] Token verification result: true
✅ [AUTH_MIDDLEWARE] User authenticated: long (TEACHER)
2026-01-12T07:47:17.362Z - GET /avatar.jpg
2026-01-12T07:47:17.416Z - GET /api/challenges/fa35545b-9b8e-4858-b599-1ae99f19c2c7/participants
🔐 [AUTH_MIDDLEWARE] Processing GET /fa35545b-9b8e-4858-b599-1ae99f19c2c7/participants
🔐 [AUTH_MIDDLEWARE] Token found: true, Length: 467
🔐 [AUTH_MIDDLEWARE] Token verification result: true
✅ [AUTH_MIDDLEWARE] User authenticated: long (TEACHER)
2026-01-12T07:47:17.476Z - GET /avatar.jpg
2026-01-12T07:47:17.597Z - GET /api/challenges/fa35545b-9b8e-4858-b599-1ae99f19c2c7/participants
🔐 [AUTH_MIDDLEWARE] Processing GET /fa35545b-9b8e-4858-b599-1ae99f19c2c7/participants
🔐 [AUTH_MIDDLEWARE] Token found: true, Length: 467
🔐 [AUTH_MIDDLEWARE] Token verification result: true
✅ [AUTH_MIDDLEWARE] User authenticated: long (TEACHER)
2026-01-12T07:47:17.629Z - GET /api/challenges/fa35545b-9b8e-4858-b599-1ae99f19c2c7/participants
🔐 [AUTH_MIDDLEWARE] Processing GET /fa35545b-9b8e-4858-b599-1ae99f19c2c7/participants
🔐 [AUTH_MIDDLEWARE] Token found: true, Length: 467
🔐 [AUTH_MIDDLEWARE] Token verification result: true
✅ [AUTH_MIDDLEWARE] User authenticated: long (TEACHER)
2026-01-12T07:47:17.686Z - GET /api/challenges/fa35545b-9b8e-4858-b599-1ae99f19c2c7/participants
🔐 [AUTH_MIDDLEWARE] Processing GET /fa35545b-9b8e-4858-b599-1ae99f19c2c7/participants
🔐 [AUTH_MIDDLEWARE] Token found: true, Length: 467
🔐 [AUTH_MIDDLEWARE] Token verification result: true
✅ [AUTH_MIDDLEWARE] User authenticated: long (TEACHER)
2026-01-12T07:47:17.787Z - GET /avatar.jpg
2026-01-12T07:47:17.788Z - GET /api/challenges/fa35545b-9b8e-4858-b599-1ae99f19c2c7/participants
🔐 [AUTH_MIDDLEWARE] Processing GET /fa35545b-9b8e-4858-b599-1ae99f19c2c7/participants
🔐 [AUTH_MIDDLEWARE] Token found: true, Length: 467
🔐 [AUTH_MIDDLEWARE] Token verification result: true
✅ [AUTH_MIDDLEWARE] User authenticated: long (TEACHER)
2026-01-12T07:47:17.836Z - GET /avatar.jpg
2026-01-12T07:47:17.868Z - GET /api/challenges/fa35545b-9b8e-4858-b599-1ae99f19c2c7/participants
🔐 [AUTH_MIDDLEWARE] Processing GET /fa35545b-9b8e-4858-b599-1ae99f19c2c7/participants
🔐 [AUTH_MIDDLEWARE] Token found: true, Length: 467
🔐 [AUTH_MIDDLEWARE] Token verification result: true
✅ [AUTH_MIDDLEWARE] User authenticated: long (TEACHER)
2026-01-12T07:47:17.905Z - GET /api/challenges/fa35545b-9b8e-4858-b599-1ae99f19c2c7/participants
🔐 [AUTH_MIDDLEWARE] Processing GET /fa35545b-9b8e-4858-b599-1ae99f19c2c7/participants
🔐 [AUTH_MIDDLEWARE] Token found: true, Length: 467
🔐 [AUTH_MIDDLEWARE] Token verification result: true
✅ [AUTH_MIDDLEWARE] User authenticated: long (TEACHER)
2026-01-12T07:47:17.972Z - GET /api/challenges/fa35545b-9b8e-4858-b599-1ae99f19c2c7/participants
🔐 [AUTH_MIDDLEWARE] Processing GET /fa35545b-9b8e-4858-b599-1ae99f19c2c7/participants
🔐 [AUTH_MIDDLEWARE] Token found: true, Length: 467
🔐 [AUTH_MIDDLEWARE] Token verification result: true
✅ [AUTH_MIDDLEWARE] User authenticated: long (TEACHER)
2026-01-12T07:47:18.034Z - GET /avatar.jpg
2026-01-12T07:47:18.136Z - GET /api/challenges/fa35545b-9b8e-4858-b599-1ae99f19c2c7/participants
🔐 [AUTH_MIDDLEWARE] Processing GET /fa35545b-9b8e-4858-b599-1ae99f19c2c7/participants
🔐 [AUTH_MIDDLEWARE] Token found: true, Length: 467
🔐 [AUTH_MIDDLEWARE] Token verification result: true
✅ [AUTH_MIDDLEWARE] User authenticated: long (TEACHER)
2026-01-12T07:47:18.159Z - GET /api/challenges/fa35545b-9b8e-4858-b599-1ae99f19c2c7/participants
🔐 [AUTH_MIDDLEWARE] Processing GET /fa35545b-9b8e-4858-b599-1ae99f19c2c7/participants
🔐 [AUTH_MIDDLEWARE] Token found: true, Length: 467
🔐 [AUTH_MIDDLEWARE] Token verification result: true
✅ [AUTH_MIDDLEWARE] User authenticated: long (TEACHER)
2026-01-12T07:47:18.225Z - GET /api/challenges/fa35545b-9b8e-4858-b599-1ae99f19c2c7/participants
🔐 [AUTH_MIDDLEWARE] Processing GET /fa35545b-9b8e-4858-b599-1ae99f19c2c7/participants
🔐 [AUTH_MIDDLEWARE] Token found: true, Length: 467
🔐 [AUTH_MIDDLEWARE] Token verification result: true
✅ [AUTH_MIDDLEWARE] User authenticated: long (TEACHER)
2026-01-12T07:47:18.278Z - GET /avatar.jpg
2026-01-12T07:47:19.611Z - GET /api/challenges/fa35545b-9b8e-4858-b599-1ae99f19c2c7/participants
🔐 [AUTH_MIDDLEWARE] Processing GET /fa35545b-9b8e-4858-b599-1ae99f19c2c7/participants
🔐 [AUTH_MIDDLEWARE] Token found: true, Length: 467
🔐 [AUTH_MIDDLEWARE] Token verification result: true
✅ [AUTH_MIDDLEWARE] User authenticated: long (TEACHER)
2026-01-12T07:47:19.667Z - GET /avatar.jpg
2026-01-12T07:47:20.005Z - GET /api/challenges/fa35545b-9b8e-4858-b599-1ae99f19c2c7/participants
🔐 [AUTH_MIDDLEWARE] Processing GET /fa35545b-9b8e-4858-b599-1ae99f19c2c7/participants
🔐 [AUTH_MIDDLEWARE] Token found: true, Length: 467
🔐 [AUTH_MIDDLEWARE] Token verification result: true
✅ [AUTH_MIDDLEWARE] User authenticated: long (TEACHER)
2026-01-12T07:47:20.056Z - GET /avatar.jpg
2026-01-12T07:47:20.227Z - GET /api/challenges/fa35545b-9b8e-4858-b599-1ae99f19c2c7/participants
🔐 [AUTH_MIDDLEWARE] Processing GET /fa35545b-9b8e-4858-b599-1ae99f19c2c7/participants
🔐 [AUTH_MIDDLEWARE] Token found: true, Length: 467
🔐 [AUTH_MIDDLEWARE] Token verification result: true
✅ [AUTH_MIDDLEWARE] User authenticated: long (TEACHER)
2026-01-12T07:47:20.281Z - GET /api/challenges/fa35545b-9b8e-4858-b599-1ae99f19c2c7/participants
🔐 [AUTH_MIDDLEWARE] Processing GET /fa35545b-9b8e-4858-b599-1ae99f19c2c7/participants
🔐 [AUTH_MIDDLEWARE] Token found: true, Length: 467
🔐 [AUTH_MIDDLEWARE] Token verification result: true
✅ [AUTH_MIDDLEWARE] User authenticated: long (TEACHER)
2026-01-12T07:47:20.337Z - GET /avatar.jpg
2026-01-12T07:47:20.488Z - GET /api/challenges/fa35545b-9b8e-4858-b599-1ae99f19c2c7/participants
🔐 [AUTH_MIDDLEWARE] Processing GET /fa35545b-9b8e-4858-b599-1ae99f19c2c7/participants
🔐 [AUTH_MIDDLEWARE] Token found: true, Length: 467
🔐 [AUTH_MIDDLEWARE] Token verification result: true
✅ [AUTH_MIDDLEWARE] User authenticated: long (TEACHER)
2026-01-12T07:47:20.541Z - GET /avatar.jpg
2026-01-12T07:47:20.729Z - GET /api/challenges/fa35545b-9b8e-4858-b599-1ae99f19c2c7/participants
🔐 [AUTH_MIDDLEWARE] Processing GET /fa35545b-9b8e-4858-b599-1ae99f19c2c7/participants
🔐 [AUTH_MIDDLEWARE] Token found: true, Length: 467
🔐 [AUTH_MIDDLEWARE] Token verification result: true
✅ [AUTH_MIDDLEWARE] User authenticated: long (TEACHER)
2026-01-12T07:47:20.811Z - GET /api/challenges/fa35545b-9b8e-4858-b599-1ae99f19c2c7/participants
🔐 [AUTH_MIDDLEWARE] Processing GET /fa35545b-9b8e-4858-b599-1ae99f19c2c7/participants
🔐 [AUTH_MIDDLEWARE] Token found: true, Length: 467
🔐 [AUTH_MIDDLEWARE] Token verification result: true
✅ [AUTH_MIDDLEWARE] User authenticated: long (TEACHER)
2026-01-12T07:47:20.845Z - GET /api/challenges/fa35545b-9b8e-4858-b599-1ae99f19c2c7/participants
🔐 [AUTH_MIDDLEWARE] Processing GET /fa35545b-9b8e-4858-b599-1ae99f19c2c7/participants
🔐 [AUTH_MIDDLEWARE] Token found: true, Length: 467
🔐 [AUTH_MIDDLEWARE] Token verification result: true
✅ [AUTH_MIDDLEWARE] User authenticated: long (TEACHER)
2026-01-12T07:47:20.917Z - GET /api/challenges/fa35545b-9b8e-4858-b599-1ae99f19c2c7/participants
🔐 [AUTH_MIDDLEWARE] Processing GET /fa35545b-9b8e-4858-b599-1ae99f19c2c7/participants
🔐 [AUTH_MIDDLEWARE] Token found: true, Length: 467
🔐 [AUTH_MIDDLEWARE] Token verification result: true
✅ [AUTH_MIDDLEWARE] User authenticated: long (TEACHER)
2026-01-12T07:47:20.970Z - GET /avatar.jpg
2026-01-12T07:47:21.053Z - GET /api/challenges/fa35545b-9b8e-4858-b599-1ae99f19c2c7/participants
🔐 [AUTH_MIDDLEWARE] Processing GET /fa35545b-9b8e-4858-b599-1ae99f19c2c7/participants
🔐 [AUTH_MIDDLEWARE] Token found: true, Length: 467
🔐 [AUTH_MIDDLEWARE] Token verification result: true
✅ [AUTH_MIDDLEWARE] User authenticated: long (TEACHER)
2026-01-12T07:47:21.105Z - GET /avatar.jpg
2026-01-12T07:47:21.203Z - GET /api/challenges/fa35545b-9b8e-4858-b599-1ae99f19c2c7/participants
🔐 [AUTH_MIDDLEWARE] Processing GET /fa35545b-9b8e-4858-b599-1ae99f19c2c7/participants
🔐 [AUTH_MIDDLEWARE] Token found: true, Length: 467
🔐 [AUTH_MIDDLEWARE] Token verification result: true
✅ [AUTH_MIDDLEWARE] User authenticated: long (TEACHER)
2026-01-12T07:47:21.252Z - GET /avatar.jpg
2026-01-12T07:47:21.332Z - GET /api/challenges/fa35545b-9b8e-4858-b599-1ae99f19c2c7/participants
🔐 [AUTH_MIDDLEWARE] Processing GET /fa35545b-9b8e-4858-b599-1ae99f19c2c7/participants
🔐 [AUTH_MIDDLEWARE] Token found: true, Length: 467
🔐 [AUTH_MIDDLEWARE] Token verification result: true
✅ [AUTH_MIDDLEWARE] User authenticated: long (TEACHER)
2026-01-12T07:47:21.406Z - GET /avatar.jpg
2026-01-12T07:47:21.515Z - GET /api/challenges/fa35545b-9b8e-4858-b599-1ae99f19c2c7/participants
🔐 [AUTH_MIDDLEWARE] Processing GET /fa35545b-9b8e-4858-b599-1ae99f19c2c7/participants
🔐 [AUTH_MIDDLEWARE] Token found: true, Length: 467
🔐 [AUTH_MIDDLEWARE] Token verification result: true
✅ [AUTH_MIDDLEWARE] User authenticated: long (TEACHER)
2026-01-12T07:47:21.565Z - GET /avatar.jpg
2026-01-12T07:47:21.755Z - GET /api/challenges/fa35545b-9b8e-4858-b599-1ae99f19c2c7/participants
🔐 [AUTH_MIDDLEWARE] Processing GET /fa35545b-9b8e-4858-b599-1ae99f19c2c7/participants
🔐 [AUTH_MIDDLEWARE] Token found: true, Length: 467
🔐 [AUTH_MIDDLEWARE] Token verification result: true
✅ [AUTH_MIDDLEWARE] User authenticated: long (TEACHER)
2026-01-12T07:47:21.821Z - GET /api/challenges/fa35545b-9b8e-4858-b599-1ae99f19c2c7/participants
🔐 [AUTH_MIDDLEWARE] Processing GET /fa35545b-9b8e-4858-b599-1ae99f19c2c7/participants
🔐 [AUTH_MIDDLEWARE] Token found: true, Length: 467
🔐 [AUTH_MIDDLEWARE] Token verification result: true
✅ [AUTH_MIDDLEWARE] User authenticated: long (TEACHER)
2026-01-12T07:47:21.870Z - GET /avatar.jpg
2026-01-12T07:47:22.595Z - GET /api/challenges/fa35545b-9b8e-4858-b599-1ae99f19c2c7/participants
🔐 [AUTH_MIDDLEWARE] Processing GET /fa35545b-9b8e-4858-b599-1ae99f19c2c7/participants
🔐 [AUTH_MIDDLEWARE] Token found: true, Length: 467
🔐 [AUTH_MIDDLEWARE] Token verification result: true
✅ [AUTH_MIDDLEWARE] User authenticated: long (TEACHER)
2026-01-12T07:47:22.645Z - GET /avatar.jpg
2026-01-12T07:47:22.814Z - GET /api/challenges/fa35545b-9b8e-4858-b599-1ae99f19c2c7/participants
🔐 [AUTH_MIDDLEWARE] Processing GET /fa35545b-9b8e-4858-b599-1ae99f19c2c7/participants
🔐 [AUTH_MIDDLEWARE] Token found: true, Length: 467
🔐 [AUTH_MIDDLEWARE] Token verification result: true
✅ [AUTH_MIDDLEWARE] User authenticated: long (TEACHER)
2026-01-12T07:47:22.831Z - GET /api/challenges/fa35545b-9b8e-4858-b599-1ae99f19c2c7/participants
🔐 [AUTH_MIDDLEWARE] Processing GET /fa35545b-9b8e-4858-b599-1ae99f19c2c7/participants
🔐 [AUTH_MIDDLEWARE] Token found: true, Length: 467
🔐 [AUTH_MIDDLEWARE] Token verification result: true
✅ [AUTH_MIDDLEWARE] User authenticated: long (TEACHER)
2026-01-12T07:47:22.878Z - GET /avatar.jpg
2026-01-12T07:47:22.894Z - GET /api/challenges/fa35545b-9b8e-4858-b599-1ae99f19c2c7/participants
🔐 [AUTH_MIDDLEWARE] Processing GET /fa35545b-9b8e-4858-b599-1ae99f19c2c7/participants
🔐 [AUTH_MIDDLEWARE] Token found: true, Length: 467
🔐 [AUTH_MIDDLEWARE] Token verification result: true
✅ [AUTH_MIDDLEWARE] User authenticated: long (TEACHER)
2026-01-12T07:47:22.943Z - GET /avatar.jpg
2026-01-12T07:47:23.112Z - GET /api/challenges/fa35545b-9b8e-4858-b599-1ae99f19c2c7/participants
🔐 [AUTH_MIDDLEWARE] Processing GET /fa35545b-9b8e-4858-b599-1ae99f19c2c7/participants
🔐 [AUTH_MIDDLEWARE] Token found: true, Length: 467
🔐 [AUTH_MIDDLEWARE] Token verification result: true
✅ [AUTH_MIDDLEWARE] User authenticated: long (TEACHER)
2026-01-12T07:47:23.161Z - GET /avatar.jpg
2026-01-12T07:47:23.272Z - GET /api/challenges/fa35545b-9b8e-4858-b599-1ae99f19c2c7/participants
🔐 [AUTH_MIDDLEWARE] Processing GET /fa35545b-9b8e-4858-b599-1ae99f19c2c7/participants
🔐 [AUTH_MIDDLEWARE] Token found: true, Length: 467
🔐 [AUTH_MIDDLEWARE] Token verification result: true
✅ [AUTH_MIDDLEWARE] User authenticated: long (TEACHER)
2026-01-12T07:47:23.302Z - GET /api/challenges/fa35545b-9b8e-4858-b599-1ae99f19c2c7/participants
🔐 [AUTH_MIDDLEWARE] Processing GET /fa35545b-9b8e-4858-b599-1ae99f19c2c7/participants
🔐 [AUTH_MIDDLEWARE] Token found: true, Length: 467
🔐 [AUTH_MIDDLEWARE] Token verification result: true
✅ [AUTH_MIDDLEWARE] User authenticated: long (TEACHER)
2026-01-12T07:47:23.320Z - GET /api/challenges/fa35545b-9b8e-4858-b599-1ae99f19c2c7/participants
🔐 [AUTH_MIDDLEWARE] Processing GET /fa35545b-9b8e-4858-b599-1ae99f19c2c7/participants
🔐 [AUTH_MIDDLEWARE] Token found: true, Length: 467
🔐 [AUTH_MIDDLEWARE] Token verification result: true
✅ [AUTH_MIDDLEWARE] User authenticated: long (TEACHER)
2026-01-12T07:47:23.368Z - GET /avatar.jpg
2026-01-12T07:47:23.579Z - GET /api/challenges/fa35545b-9b8e-4858-b599-1ae99f19c2c7/participants
🔐 [AUTH_MIDDLEWARE] Processing GET /fa35545b-9b8e-4858-b599-1ae99f19c2c7/participants
🔐 [AUTH_MIDDLEWARE] Token found: true, Length: 467
🔐 [AUTH_MIDDLEWARE] Token verification result: true
✅ [AUTH_MIDDLEWARE] User authenticated: long (TEACHER)
2026-01-12T07:47:23.608Z - GET /api/challenges/fa35545b-9b8e-4858-b599-1ae99f19c2c7/participants
🔐 [AUTH_MIDDLEWARE] Processing GET /fa35545b-9b8e-4858-b599-1ae99f19c2c7/participants
🔐 [AUTH_MIDDLEWARE] Token found: true, Length: 467
🔐 [AUTH_MIDDLEWARE] Token verification result: true
✅ [AUTH_MIDDLEWARE] User authenticated: long (TEACHER)
2026-01-12T07:47:23.658Z - GET /avatar.jpg
2026-01-12T07:47:23.691Z - GET /api/challenges/fa35545b-9b8e-4858-b599-1ae99f19c2c7/participants
🔐 [AUTH_MIDDLEWARE] Processing GET /fa35545b-9b8e-4858-b599-1ae99f19c2c7/participants
🔐 [AUTH_MIDDLEWARE] Token found: true, Length: 467
🔐 [AUTH_MIDDLEWARE] Token verification result: true
✅ [AUTH_MIDDLEWARE] User authenticated: long (TEACHER)
2026-01-12T07:47:23.762Z - GET /api/challenges/fa35545b-9b8e-4858-b599-1ae99f19c2c7/participants
🔐 [AUTH_MIDDLEWARE] Processing GET /fa35545b-9b8e-4858-b599-1ae99f19c2c7/participants
🔐 [AUTH_MIDDLEWARE] Token found: true, Length: 467
🔐 [AUTH_MIDDLEWARE] Token verification result: true
✅ [AUTH_MIDDLEWARE] User authenticated: long (TEACHER)
2026-01-12T07:47:23.824Z - GET /avatar.jpg
2026-01-12T07:47:23.851Z - GET /api/challenges/fa35545b-9b8e-4858-b599-1ae99f19c2c7/participants
🔐 [AUTH_MIDDLEWARE] Processing GET /fa35545b-9b8e-4858-b599-1ae99f19c2c7/participants
🔐 [AUTH_MIDDLEWARE] Token found: true, Length: 467
🔐 [AUTH_MIDDLEWARE] Token verification result: true
✅ [AUTH_MIDDLEWARE] User authenticated: long (TEACHER)
2026-01-12T07:47:23.901Z - GET /avatar.jpg
2026-01-12T07:47:24.282Z - GET /api/challenges/fa35545b-9b8e-4858-b599-1ae99f19c2c7/participants
🔐 [AUTH_MIDDLEWARE] Processing GET /fa35545b-9b8e-4858-b599-1ae99f19c2c7/participants
🔐 [AUTH_MIDDLEWARE] Token found: true, Length: 467
🔐 [AUTH_MIDDLEWARE] Token verification result: true
✅ [AUTH_MIDDLEWARE] User authenticated: long (TEACHER)
2026-01-12T07:47:24.332Z - GET /avatar.jpg
2026-01-12T07:47:24.528Z - GET /api/challenges/fa35545b-9b8e-4858-b599-1ae99f19c2c7/participants
🔐 [AUTH_MIDDLEWARE] Processing GET /fa35545b-9b8e-4858-b599-1ae99f19c2c7/participants
🔐 [AUTH_MIDDLEWARE] Token found: true, Length: 467
🔐 [AUTH_MIDDLEWARE] Token verification result: true
✅ [AUTH_MIDDLEWARE] User authenticated: long (TEACHER)
2026-01-12T07:47:24.578Z - GET /avatar.jpg
2026-01-12T07:47:24.650Z - GET /api/challenges/fa35545b-9b8e-4858-b599-1ae99f19c2c7/participants
🔐 [AUTH_MIDDLEWARE] Processing GET /fa35545b-9b8e-4858-b599-1ae99f19c2c7/participants
🔐 [AUTH_MIDDLEWARE] Token found: true, Length: 467
🔐 [AUTH_MIDDLEWARE] Token verification result: true
✅ [AUTH_MIDDLEWARE] User authenticated: long (TEACHER)
2026-01-12T07:47:24.701Z - GET /avatar.jpg
2026-01-12T07:47:24.760Z - GET /api/challenges/fa35545b-9b8e-4858-b599-1ae99f19c2c7/participants
🔐 [AUTH_MIDDLEWARE] Processing GET /fa35545b-9b8e-4858-b599-1ae99f19c2c7/participants
🔐 [AUTH_MIDDLEWARE] Token found: true, Length: 467
🔐 [AUTH_MIDDLEWARE] Token verification result: true
✅ [AUTH_MIDDLEWARE] User authenticated: long (TEACHER)
2026-01-12T07:47:24.809Z - GET /avatar.jpg
2026-01-12T07:47:24.940Z - GET /api/challenges/fa35545b-9b8e-4858-b599-1ae99f19c2c7/participants
🔐 [AUTH_MIDDLEWARE] Processing GET /fa35545b-9b8e-4858-b599-1ae99f19c2c7/participants
🔐 [AUTH_MIDDLEWARE] Token found: true, Length: 467
🔐 [AUTH_MIDDLEWARE] Token verification result: true
✅ [AUTH_MIDDLEWARE] User authenticated: long (TEACHER)
2026-01-12T07:47:25.038Z - GET /api/challenges/fa35545b-9b8e-4858-b599-1ae99f19c2c7/participants
🔐 [AUTH_MIDDLEWARE] Processing GET /fa35545b-9b8e-4858-b599-1ae99f19c2c7/participants
🔐 [AUTH_MIDDLEWARE] Token found: true, Length: 467
🔐 [AUTH_MIDDLEWARE] Token verification result: true
✅ [AUTH_MIDDLEWARE] User authenticated: long (TEACHER)
2026-01-12T07:47:25.070Z - GET /api/challenges/fa35545b-9b8e-4858-b599-1ae99f19c2c7/participants
🔐 [AUTH_MIDDLEWARE] Processing GET /fa35545b-9b8e-4858-b599-1ae99f19c2c7/participants
🔐 [AUTH_MIDDLEWARE] Token found: true, Length: 467
🔐 [AUTH_MIDDLEWARE] Token verification result: true
✅ [AUTH_MIDDLEWARE] User authenticated: long (TEACHER)
2026-01-12T07:47:25.118Z - GET /avatar.jpg
2026-01-12T07:47:25.138Z - GET /api/challenges/fa35545b-9b8e-4858-b599-1ae99f19c2c7/participants
🔐 [AUTH_MIDDLEWARE] Processing GET /fa35545b-9b8e-4858-b599-1ae99f19c2c7/participants
🔐 [AUTH_MIDDLEWARE] Token found: true, Length: 467
🔐 [AUTH_MIDDLEWARE] Token verification result: true
✅ [AUTH_MIDDLEWARE] User authenticated: long (TEACHER)
2026-01-12T07:47:25.194Z - GET /avatar.jpg
2026-01-12T07:47:25.250Z - GET /api/challenges/fa35545b-9b8e-4858-b599-1ae99f19c2c7/participants
🔐 [AUTH_MIDDLEWARE] Processing GET /fa35545b-9b8e-4858-b599-1ae99f19c2c7/participants
🔐 [AUTH_MIDDLEWARE] Token found: true, Length: 467
🔐 [AUTH_MIDDLEWARE] Token verification result: true
✅ [AUTH_MIDDLEWARE] User authenticated: long (TEACHER)
2026-01-12T07:47:25.306Z - GET /api/challenges/fa35545b-9b8e-4858-b599-1ae99f19c2c7/participants
🔐 [AUTH_MIDDLEWARE] Processing GET /fa35545b-9b8e-4858-b599-1ae99f19c2c7/participants
🔐 [AUTH_MIDDLEWARE] Token found: true, Length: 467
🔐 [AUTH_MIDDLEWARE] Token verification result: true
✅ [AUTH_MIDDLEWARE] User authenticated: long (TEACHER)
2026-01-12T07:47:25.365Z - GET /api/challenges/fa35545b-9b8e-4858-b599-1ae99f19c2c7/participants
🔐 [AUTH_MIDDLEWARE] Processing GET /fa35545b-9b8e-4858-b599-1ae99f19c2c7/participants
🔐 [AUTH_MIDDLEWARE] Token found: true, Length: 467
🔐 [AUTH_MIDDLEWARE] Token verification result: true
✅ [AUTH_MIDDLEWARE] User authenticated: long (TEACHER)
2026-01-12T07:47:25.456Z - GET /api/challenges/fa35545b-9b8e-4858-b599-1ae99f19c2c7/participants
🔐 [AUTH_MIDDLEWARE] Processing GET /fa35545b-9b8e-4858-b599-1ae99f19c2c7/participants
🔐 [AUTH_MIDDLEWARE] Token found: true, Length: 467
🔐 [AUTH_MIDDLEWARE] Token verification result: true
✅ [AUTH_MIDDLEWARE] User authenticated: long (TEACHER)
2026-01-12T07:47:25.515Z - GET /api/challenges/fa35545b-9b8e-4858-b599-1ae99f19c2c7/participants
🔐 [AUTH_MIDDLEWARE] Processing GET /fa35545b-9b8e-4858-b599-1ae99f19c2c7/participants
🔐 [AUTH_MIDDLEWARE] Token found: true, Length: 467
🔐 [AUTH_MIDDLEWARE] Token verification result: true
✅ [AUTH_MIDDLEWARE] User authenticated: long (TEACHER)
2026-01-12T07:47:25.564Z - GET /avatar.jpg
2026-01-12T07:47:25.684Z - GET /api/challenges/fa35545b-9b8e-4858-b599-1ae99f19c2c7/participants
🔐 [AUTH_MIDDLEWARE] Processing GET /fa35545b-9b8e-4858-b599-1ae99f19c2c7/participants
🔐 [AUTH_MIDDLEWARE] Token found: true, Length: 467
🔐 [AUTH_MIDDLEWARE] Token verification result: true
✅ [AUTH_MIDDLEWARE] User authenticated: long (TEACHER)
2026-01-12T07:47:25.753Z - GET /api/challenges/fa35545b-9b8e-4858-b599-1ae99f19c2c7/participants
🔐 [AUTH_MIDDLEWARE] Processing GET /fa35545b-9b8e-4858-b599-1ae99f19c2c7/participants
🔐 [AUTH_MIDDLEWARE] Token found: true, Length: 467
🔐 [AUTH_MIDDLEWARE] Token verification result: true
✅ [AUTH_MIDDLEWARE] User authenticated: long (TEACHER)
2026-01-12T07:47:25.755Z - GET /api/challenges/fa35545b-9b8e-4858-b599-1ae99f19c2c7/participants
🔐 [AUTH_MIDDLEWARE] Processing GET /fa35545b-9b8e-4858-b599-1ae99f19c2c7/participants
🔐 [AUTH_MIDDLEWARE] Token found: true, Length: 467
🔐 [AUTH_MIDDLEWARE] Token verification result: true
✅ [AUTH_MIDDLEWARE] User authenticated: long (TEACHER)
2026-01-12T07:47:25.844Z - GET /api/challenges/fa35545b-9b8e-4858-b599-1ae99f19c2c7/participants
🔐 [AUTH_MIDDLEWARE] Processing GET /fa35545b-9b8e-4858-b599-1ae99f19c2c7/participants
🔐 [AUTH_MIDDLEWARE] Token found: true, Length: 467
🔐 [AUTH_MIDDLEWARE] Token verification result: true
✅ [AUTH_MIDDLEWARE] User authenticated: long (TEACHER)
2026-01-12T07:47:25.894Z - GET /avatar.jpg
2026-01-12T07:47:25.952Z - GET /api/challenges/fa35545b-9b8e-4858-b599-1ae99f19c2c7/participants
🔐 [AUTH_MIDDLEWARE] Processing GET /fa35545b-9b8e-4858-b599-1ae99f19c2c7/participants
🔐 [AUTH_MIDDLEWARE] Token found: true, Length: 467
🔐 [AUTH_MIDDLEWARE] Token verification result: true
✅ [AUTH_MIDDLEWARE] User authenticated: long (TEACHER)
2026-01-12T07:47:26.001Z - GET /avatar.jpg
2026-01-12T07:47:26.162Z - GET /api/challenges/fa35545b-9b8e-4858-b599-1ae99f19c2c7/participants
🔐 [AUTH_MIDDLEWARE] Processing GET /fa35545b-9b8e-4858-b599-1ae99f19c2c7/participants
🔐 [AUTH_MIDDLEWARE] Token found: true, Length: 467
🔐 [AUTH_MIDDLEWARE] Token verification result: true
✅ [AUTH_MIDDLEWARE] User authenticated: long (TEACHER)
2026-01-12T07:47:26.204Z - GET /api/challenges/fa35545b-9b8e-4858-b599-1ae99f19c2c7/participants
🔐 [AUTH_MIDDLEWARE] Processing GET /fa35545b-9b8e-4858-b599-1ae99f19c2c7/participants
🔐 [AUTH_MIDDLEWARE] Token found: true, Length: 467
🔐 [AUTH_MIDDLEWARE] Token verification result: true
✅ [AUTH_MIDDLEWARE] User authenticated: long (TEACHER)
2026-01-12T07:47:26.289Z - GET /api/challenges/fa35545b-9b8e-4858-b599-1ae99f19c2c7/participants
🔐 [AUTH_MIDDLEWARE] Processing GET /fa35545b-9b8e-4858-b599-1ae99f19c2c7/participants
🔐 [AUTH_MIDDLEWARE] Token found: true, Length: 467
🔐 [AUTH_MIDDLEWARE] Token verification result: true
✅ [AUTH_MIDDLEWARE] User authenticated: long (TEACHER)
2026-01-12T07:47:26.344Z - GET /avatar.jpg
2026-01-12T07:47:26.419Z - GET /api/challenges/fa35545b-9b8e-4858-b599-1ae99f19c2c7/participants
🔐 [AUTH_MIDDLEWARE] Processing GET /fa35545b-9b8e-4858-b599-1ae99f19c2c7/participants
🔐 [AUTH_MIDDLEWARE] Token found: true, Length: 467
🔐 [AUTH_MIDDLEWARE] Token verification result: true
✅ [AUTH_MIDDLEWARE] User authenticated: long (TEACHER)
2026-01-12T07:47:26.494Z - GET /api/challenges/fa35545b-9b8e-4858-b599-1ae99f19c2c7/participants
🔐 [AUTH_MIDDLEWARE] Processing GET /fa35545b-9b8e-4858-b599-1ae99f19c2c7/participants
🔐 [AUTH_MIDDLEWARE] Token found: true, Length: 467
🔐 [AUTH_MIDDLEWARE] Token verification result: true
✅ [AUTH_MIDDLEWARE] User authenticated: long (TEACHER)
2026-01-12T07:47:26.512Z - GET /api/challenges/fa35545b-9b8e-4858-b599-1ae99f19c2c7/participants
🔐 [AUTH_MIDDLEWARE] Processing GET /fa35545b-9b8e-4858-b599-1ae99f19c2c7/participants
🔐 [AUTH_MIDDLEWARE] Token found: true, Length: 467
🔐 [AUTH_MIDDLEWARE] Token verification result: true
✅ [AUTH_MIDDLEWARE] User authenticated: long (TEACHER)
2026-01-12T07:47:26.571Z - GET /avatar.jpg
2026-01-12T07:47:26.602Z - GET /api/challenges/fa35545b-9b8e-4858-b599-1ae99f19c2c7/participants
🔐 [AUTH_MIDDLEWARE] Processing GET /fa35545b-9b8e-4858-b599-1ae99f19c2c7/participants
🔐 [AUTH_MIDDLEWARE] Token found: true, Length: 467
🔐 [AUTH_MIDDLEWARE] Token verification result: true
✅ [AUTH_MIDDLEWARE] User authenticated: long (TEACHER)
2026-01-12T07:47:26.661Z - GET /avatar.jpg
2026-01-12T07:47:26.775Z - GET /api/challenges/fa35545b-9b8e-4858-b599-1ae99f19c2c7/participants
🔐 [AUTH_MIDDLEWARE] Processing GET /fa35545b-9b8e-4858-b599-1ae99f19c2c7/participants
🔐 [AUTH_MIDDLEWARE] Token found: true, Length: 467
🔐 [AUTH_MIDDLEWARE] Token verification result: true
✅ [AUTH_MIDDLEWARE] User authenticated: long (TEACHER)
2026-01-12T07:47:26.826Z - GET /avatar.jpg
2026-01-12T07:47:26.914Z - GET /api/challenges/fa35545b-9b8e-4858-b599-1ae99f19c2c7/participants
🔐 [AUTH_MIDDLEWARE] Processing GET /fa35545b-9b8e-4858-b599-1ae99f19c2c7/participants
🔐 [AUTH_MIDDLEWARE] Token found: true, Length: 467
🔐 [AUTH_MIDDLEWARE] Token verification result: true
✅ [AUTH_MIDDLEWARE] User authenticated: long (TEACHER)
2026-01-12T07:47:26.965Z - GET /avatar.jpg
2026-01-12T07:47:27.138Z - GET /api/challenges/fa35545b-9b8e-4858-b599-1ae99f19c2c7/participants
🔐 [AUTH_MIDDLEWARE] Processing GET /fa35545b-9b8e-4858-b599-1ae99f19c2c7/participants
🔐 [AUTH_MIDDLEWARE] Token found: true, Length: 467
🔐 [AUTH_MIDDLEWARE] Token verification result: true
✅ [AUTH_MIDDLEWARE] User authenticated: long (TEACHER)
2026-01-12T07:47:27.204Z - GET /avatar.jpg
2026-01-12T07:47:27.471Z - GET /api/challenges/fa35545b-9b8e-4858-b599-1ae99f19c2c7/participants
🔐 [AUTH_MIDDLEWARE] Processing GET /fa35545b-9b8e-4858-b599-1ae99f19c2c7/participants
🔐 [AUTH_MIDDLEWARE] Token found: true, Length: 467
🔐 [AUTH_MIDDLEWARE] Token verification result: true
✅ [AUTH_MIDDLEWARE] User authenticated: long (TEACHER)
2026-01-12T07:47:27.523Z - GET /avatar.jpg
2026-01-12T07:47:28.108Z - GET /api/challenges/fa35545b-9b8e-4858-b599-1ae99f19c2c7/participants
🔐 [AUTH_MIDDLEWARE] Processing GET /fa35545b-9b8e-4858-b599-1ae99f19c2c7/participants
🔐 [AUTH_MIDDLEWARE] Token found: true, Length: 467
🔐 [AUTH_MIDDLEWARE] Token verification result: true
✅ [AUTH_MIDDLEWARE] User authenticated: long (TEACHER)
2026-01-12T07:47:28.134Z - GET /api/challenges/fa35545b-9b8e-4858-b599-1ae99f19c2c7/participants
🔐 [AUTH_MIDDLEWARE] Processing GET /fa35545b-9b8e-4858-b599-1ae99f19c2c7/participants
🔐 [AUTH_MIDDLEWARE] Token found: true, Length: 467
🔐 [AUTH_MIDDLEWARE] Token verification result: true
✅ [AUTH_MIDDLEWARE] User authenticated: long (TEACHER)
2026-01-12T07:47:28.197Z - GET /api/challenges/fa35545b-9b8e-4858-b599-1ae99f19c2c7/participants
🔐 [AUTH_MIDDLEWARE] Processing GET /fa35545b-9b8e-4858-b599-1ae99f19c2c7/participants
🔐 [AUTH_MIDDLEWARE] Token found: true, Length: 467
🔐 [AUTH_MIDDLEWARE] Token verification result: true
✅ [AUTH_MIDDLEWARE] User authenticated: long (TEACHER)
2026-01-12T07:47:28.250Z - GET /avatar.jpg
2026-01-12T07:47:28.272Z - GET /api/challenges/fa35545b-9b8e-4858-b599-1ae99f19c2c7/participants
🔐 [AUTH_MIDDLEWARE] Processing GET /fa35545b-9b8e-4858-b599-1ae99f19c2c7/participants
🔐 [AUTH_MIDDLEWARE] Token found: true, Length: 467
🔐 [AUTH_MIDDLEWARE] Token verification result: true
✅ [AUTH_MIDDLEWARE] User authenticated: long (TEACHER)
2026-01-12T07:47:28.344Z - GET /avatar.jpg
2026-01-12T07:47:28.344Z - GET /api/challenges/fa35545b-9b8e-4858-b599-1ae99f19c2c7/participants
🔐 [AUTH_MIDDLEWARE] Processing GET /fa35545b-9b8e-4858-b599-1ae99f19c2c7/participants
🔐 [AUTH_MIDDLEWARE] Token found: true, Length: 467
🔐 [AUTH_MIDDLEWARE] Token verification result: true
✅ [AUTH_MIDDLEWARE] User authenticated: long (TEACHER)
2026-01-12T07:47:28.394Z - GET /avatar.jpg
2026-01-12T07:47:28.511Z - GET /api/challenges/fa35545b-9b8e-4858-b599-1ae99f19c2c7/participants
🔐 [AUTH_MIDDLEWARE] Processing GET /fa35545b-9b8e-4858-b599-1ae99f19c2c7/participants
🔐 [AUTH_MIDDLEWARE] Token found: true, Length: 467
🔐 [AUTH_MIDDLEWARE] Token verification result: true
✅ [AUTH_MIDDLEWARE] User authenticated: long (TEACHER)
2026-01-12T07:47:28.537Z - GET /api/challenges/fa35545b-9b8e-4858-b599-1ae99f19c2c7/participants
🔐 [AUTH_MIDDLEWARE] Processing GET /fa35545b-9b8e-4858-b599-1ae99f19c2c7/participants
🔐 [AUTH_MIDDLEWARE] Token found: true, Length: 467
🔐 [AUTH_MIDDLEWARE] Token verification result: true
✅ [AUTH_MIDDLEWARE] User authenticated: long (TEACHER)
2026-01-12T07:47:28.560Z - GET /api/challenges/fa35545b-9b8e-4858-b599-1ae99f19c2c7/participants
🔐 [AUTH_MIDDLEWARE] Processing GET /fa35545b-9b8e-4858-b599-1ae99f19c2c7/participants
🔐 [AUTH_MIDDLEWARE] Token found: true, Length: 467
🔐 [AUTH_MIDDLEWARE] Token verification result: true
✅ [AUTH_MIDDLEWARE] User authenticated: long (TEACHER)
2026-01-12T07:47:28.613Z - GET /avatar.jpg
2026-01-12T07:47:28.786Z - GET /api/challenges/fa35545b-9b8e-4858-b599-1ae99f19c2c7/participants
🔐 [AUTH_MIDDLEWARE] Processing GET /fa35545b-9b8e-4858-b599-1ae99f19c2c7/participants
🔐 [AUTH_MIDDLEWARE] Token found: true, Length: 467
🔐 [AUTH_MIDDLEWARE] Token verification result: true
✅ [AUTH_MIDDLEWARE] User authenticated: long (TEACHER)
2026-01-12T07:47:28.835Z - GET /avatar.jpg
2026-01-12T07:47:28.878Z - GET /api/challenges/fa35545b-9b8e-4858-b599-1ae99f19c2c7/participants
🔐 [AUTH_MIDDLEWARE] Processing GET /fa35545b-9b8e-4858-b599-1ae99f19c2c7/participants
🔐 [AUTH_MIDDLEWARE] Token found: true, Length: 467
🔐 [AUTH_MIDDLEWARE] Token verification result: true
✅ [AUTH_MIDDLEWARE] User authenticated: long (TEACHER)
2026-01-12T07:47:28.924Z - GET /api/challenges/fa35545b-9b8e-4858-b599-1ae99f19c2c7/participants
🔐 [AUTH_MIDDLEWARE] Processing GET /fa35545b-9b8e-4858-b599-1ae99f19c2c7/participants
🔐 [AUTH_MIDDLEWARE] Token found: true, Length: 467
🔐 [AUTH_MIDDLEWARE] Token verification result: true
✅ [AUTH_MIDDLEWARE] User authenticated: long (TEACHER)
2026-01-12T07:47:28.982Z - GET /avatar.jpg
2026-01-12T07:47:30.085Z - GET /api/dashboard/bigscreen
📺 [BIGSCREEN] Loading data for school: 625e503b-aa7e-44fe-9982-237d828af717
📺 [BIGSCREEN] Fetching data for school: 625e503b-aa7e-44fe-9982-237d828af717
🔍 [大屏调试] 过滤前任务数量: 8
✅ [大屏调试] 过滤后任务数量: 8
📊 [大屏调试] 最终activities数量: 20
📋 [大屏调试] Activities列表: [
  {
    title: '【阅读记录】《神探狗狗球为谁而滚》 120分钟',
    type: 'progress',
    student: '肖雨虹'
  },
  { title: '【阅读记录】《你真好》 120分钟', type: 'progress', student: '肖雨虹' },
  { title: '【阅读记录】《谁在做鬼脸》 120分钟', type: 'progress', student: '肖雨虹' },
  {
    title: '【阅读记录】《大侦探福尔摩斯史上最强的女对手》 120分钟',
    type: 'progress',
    student: '肖雨虹'
  },
  { title: '【阅读记录】《逻辑推理游戏》 120分钟', type: 'progress', student: '肖雨虹' },
  {
    title: '【阅读记录】《科学大爆炸双猫传奇》 120分钟',
    type: 'progress',
    student: '肖雨虹'
  },
  {
    title: '【阅读记录】《科学大爆炸双猫传奇》 120分钟',
    type: 'progress',
    student: '肖雨虹'
  },
  { title: '【阅读记录】《逻辑推理游戏》 120分钟', type: 'progress', student: '肖雨虹' },
  { title: '【阅读记录】《太空邮递员3》 120分钟', type: 'progress', student: '肖雨虹' },
  { title: '【阅读记录】《成为猴子的日子》 120分钟', type: 'progress', student: '肖雨虹' },
  {
    title: '【阅读记录】《大侦探福尔摩斯史上最强的女对手》 120分钟',
    type: 'progress',
    student: '肖雨虹'
  },
  {
    title: '【阅读记录】《大侦探福尔摩斯四个神秘的签名》 120分钟',
    type: 'progress',
    student: '肖雨虹'
  },
  {
    title: '【阅读记录】《科学大爆炸智能的进化》 120分钟',
    type: 'progress',
    student: '肖雨虹'
  },
  {
    title: '【阅读记录】《科学大爆炸智能的进化》 120分钟',
    type: 'progress',
    student: '肖雨虹'
  },
  {
    title: '【阅读记录】《科学大爆炸智能的进化》 120分钟',
    type: 'progress',
    student: '肖雨虹'
  },
  {
    title: '【阅读记录】《科学大爆炸智能的进化》 120分钟',
    type: 'progress',
    student: '肖雨虹'
  },
  { title: '【综合成长】作业的自主检查', type: 'growth', student: '龙卓豫' },
  {
    title: '【阅读记录】《大侦探福尔摩斯追凶20年》 120分钟',
    type: 'progress',
    student: '肖雨虹'
  },
  { title: '【核心教学法】阅读理解策略练习', type: 'methodology', student: '龙卓豫' },
  { title: '【核心教学法】时间管理练习', type: 'methodology', student: '龙卓豫' }
]
2026-01-12T07:47:30.130Z - GET /api/challenges/fa35545b-9b8e-4858-b599-1ae99f19c2c7/participants
🔐 [AUTH_MIDDLEWARE] Processing GET /fa35545b-9b8e-4858-b599-1ae99f19c2c7/participants
🔐 [AUTH_MIDDLEWARE] Token found: true, Length: 467
🔐 [AUTH_MIDDLEWARE] Token verification result: true
✅ [AUTH_MIDDLEWARE] User authenticated: long (TEACHER)
2026-01-12T07:47:30.151Z - GET /api/challenges/fa35545b-9b8e-4858-b599-1ae99f19c2c7/participants
🔐 [AUTH_MIDDLEWARE] Processing GET /fa35545b-9b8e-4858-b599-1ae99f19c2c7/participants
🔐 [AUTH_MIDDLEWARE] Token found: true, Length: 467
🔐 [AUTH_MIDDLEWARE] Token verification result: true
✅ [AUTH_MIDDLEWARE] User authenticated: long (TEACHER)
2026-01-12T07:47:30.207Z - GET /avatar.jpg
2026-01-12T07:47:30.301Z - GET /api/challenges/fa35545b-9b8e-4858-b599-1ae99f19c2c7/participants
🔐 [AUTH_MIDDLEWARE] Processing GET /fa35545b-9b8e-4858-b599-1ae99f19c2c7/participants
🔐 [AUTH_MIDDLEWARE] Token found: true, Length: 467
🔐 [AUTH_MIDDLEWARE] Token verification result: true
✅ [AUTH_MIDDLEWARE] User authenticated: long (TEACHER)
2026-01-12T07:47:30.349Z - GET /avatar.jpg
2026-01-12T07:47:30.566Z - GET /api/challenges/fa35545b-9b8e-4858-b599-1ae99f19c2c7/participants
🔐 [AUTH_MIDDLEWARE] Processing GET /fa35545b-9b8e-4858-b599-1ae99f19c2c7/participants
🔐 [AUTH_MIDDLEWARE] Token found: true, Length: 467
🔐 [AUTH_MIDDLEWARE] Token verification result: true
✅ [AUTH_MIDDLEWARE] User authenticated: long (TEACHER)
2026-01-12T07:47:30.629Z - GET /avatar.jpg
2026-01-12T07:47:30.884Z - GET /api/challenges/fa35545b-9b8e-4858-b599-1ae99f19c2c7/participants
🔐 [AUTH_MIDDLEWARE] Processing GET /fa35545b-9b8e-4858-b599-1ae99f19c2c7/participants
🔐 [AUTH_MIDDLEWARE] Token found: true, Length: 467
🔐 [AUTH_MIDDLEWARE] Token verification result: true
✅ [AUTH_MIDDLEWARE] User authenticated: long (TEACHER)
2026-01-12T07:47:30.955Z - GET /api/challenges/fa35545b-9b8e-4858-b599-1ae99f19c2c7/participants
🔐 [AUTH_MIDDLEWARE] Processing GET /fa35545b-9b8e-4858-b599-1ae99f19c2c7/participants
🔐 [AUTH_MIDDLEWARE] Token found: true, Length: 467
🔐 [AUTH_MIDDLEWARE] Token verification result: true
✅ [AUTH_MIDDLEWARE] User authenticated: long (TEACHER)
2026-01-12T07:47:30.992Z - GET /api/challenges/fa35545b-9b8e-4858-b599-1ae99f19c2c7/participants
🔐 [AUTH_MIDDLEWARE] Processing GET /fa35545b-9b8e-4858-b599-1ae99f19c2c7/participants
🔐 [AUTH_MIDDLEWARE] Token found: true, Length: 467
🔐 [AUTH_MIDDLEWARE] Token verification result: true
✅ [AUTH_MIDDLEWARE] User authenticated: long (TEACHER)
2026-01-12T07:47:31.062Z - GET /api/challenges/fa35545b-9b8e-4858-b599-1ae99f19c2c7/participants
🔐 [AUTH_MIDDLEWARE] Processing GET /fa35545b-9b8e-4858-b599-1ae99f19c2c7/participants
🔐 [AUTH_MIDDLEWARE] Token found: true, Length: 467
🔐 [AUTH_MIDDLEWARE] Token verification result: true
✅ [AUTH_MIDDLEWARE] User authenticated: long (TEACHER)
2026-01-12T07:47:31.126Z - GET /avatar.jpg
2026-01-12T07:47:31.978Z - GET /api/challenges/fa35545b-9b8e-4858-b599-1ae99f19c2c7/participants
🔐 [AUTH_MIDDLEWARE] Processing GET /fa35545b-9b8e-4858-b599-1ae99f19c2c7/participants
🔐 [AUTH_MIDDLEWARE] Token found: true, Length: 467
🔐 [AUTH_MIDDLEWARE] Token verification result: true
✅ [AUTH_MIDDLEWARE] User authenticated: long (TEACHER)
2026-01-12T07:47:31.980Z - GET /api/challenges/fa35545b-9b8e-4858-b599-1ae99f19c2c7/participants
🔐 [AUTH_MIDDLEWARE] Processing GET /fa35545b-9b8e-4858-b599-1ae99f19c2c7/participants
🔐 [AUTH_MIDDLEWARE] Token found: true, Length: 467
🔐 [AUTH_MIDDLEWARE] Token verification result: true
✅ [AUTH_MIDDLEWARE] User authenticated: long (TEACHER)
2026-01-12T07:47:32.003Z - GET /api/challenges/fa35545b-9b8e-4858-b599-1ae99f19c2c7/participants
🔐 [AUTH_MIDDLEWARE] Processing GET /fa35545b-9b8e-4858-b599-1ae99f19c2c7/participants
🔐 [AUTH_MIDDLEWARE] Token found: true, Length: 467
🔐 [AUTH_MIDDLEWARE] Token verification result: true
✅ [AUTH_MIDDLEWARE] User authenticated: long (TEACHER)
2026-01-12T07:47:32.100Z - GET /avatar.jpg
2026-01-12T07:47:32.551Z - GET /api/challenges/fa35545b-9b8e-4858-b599-1ae99f19c2c7/participants
🔐 [AUTH_MIDDLEWARE] Processing GET /fa35545b-9b8e-4858-b599-1ae99f19c2c7/participants
🔐 [AUTH_MIDDLEWARE] Token found: true, Length: 467
🔐 [AUTH_MIDDLEWARE] Token verification result: true
✅ [AUTH_MIDDLEWARE] User authenticated: long (TEACHER)
2026-01-12T07:47:32.600Z - GET /avatar.jpg
2026-01-12T07:47:32.795Z - GET /api/challenges/fa35545b-9b8e-4858-b599-1ae99f19c2c7/participants
🔐 [AUTH_MIDDLEWARE] Processing GET /fa35545b-9b8e-4858-b599-1ae99f19c2c7/participants
🔐 [AUTH_MIDDLEWARE] Token found: true, Length: 467
🔐 [AUTH_MIDDLEWARE] Token verification result: true
✅ [AUTH_MIDDLEWARE] User authenticated: long (TEACHER)
2026-01-12T07:47:32.817Z - GET /api/challenges/fa35545b-9b8e-4858-b599-1ae99f19c2c7/participants
🔐 [AUTH_MIDDLEWARE] Processing GET /fa35545b-9b8e-4858-b599-1ae99f19c2c7/participants
🔐 [AUTH_MIDDLEWARE] Token found: true, Length: 467
🔐 [AUTH_MIDDLEWARE] Token verification result: true
✅ [AUTH_MIDDLEWARE] User authenticated: long (TEACHER)
2026-01-12T07:47:32.865Z - GET /avatar.jpg
2026-01-12T07:47:33.042Z - GET /api/challenges/fa35545b-9b8e-4858-b599-1ae99f19c2c7/participants
🔐 [AUTH_MIDDLEWARE] Processing GET /fa35545b-9b8e-4858-b599-1ae99f19c2c7/participants
🔐 [AUTH_MIDDLEWARE] Token found: true, Length: 467
🔐 [AUTH_MIDDLEWARE] Token verification result: true
✅ [AUTH_MIDDLEWARE] User authenticated: long (TEACHER)
2026-01-12T07:47:33.092Z - GET /avatar.jpg
2026-01-12T07:47:33.329Z - GET /api/challenges/fa35545b-9b8e-4858-b599-1ae99f19c2c7/participants
🔐 [AUTH_MIDDLEWARE] Processing GET /fa35545b-9b8e-4858-b599-1ae99f19c2c7/participants
🔐 [AUTH_MIDDLEWARE] Token found: true, Length: 467
🔐 [AUTH_MIDDLEWARE] Token verification result: true
✅ [AUTH_MIDDLEWARE] User authenticated: long (TEACHER)
2026-01-12T07:47:33.397Z - GET /api/challenges/fa35545b-9b8e-4858-b599-1ae99f19c2c7/participants
🔐 [AUTH_MIDDLEWARE] Processing GET /fa35545b-9b8e-4858-b599-1ae99f19c2c7/participants
🔐 [AUTH_MIDDLEWARE] Token found: true, Length: 467
🔐 [AUTH_MIDDLEWARE] Token verification result: true
✅ [AUTH_MIDDLEWARE] User authenticated: long (TEACHER)
2026-01-12T07:47:33.445Z - GET /avatar.jpg
2026-01-12T07:47:33.475Z - GET /api/challenges/fa35545b-9b8e-4858-b599-1ae99f19c2c7/participants
🔐 [AUTH_MIDDLEWARE] Processing GET /fa35545b-9b8e-4858-b599-1ae99f19c2c7/participants
🔐 [AUTH_MIDDLEWARE] Token found: true, Length: 467
🔐 [AUTH_MIDDLEWARE] Token verification result: true
✅ [AUTH_MIDDLEWARE] User authenticated: long (TEACHER)
2026-01-12T07:47:33.522Z - GET /api/challenges/fa35545b-9b8e-4858-b599-1ae99f19c2c7/participants
🔐 [AUTH_MIDDLEWARE] Processing GET /fa35545b-9b8e-4858-b599-1ae99f19c2c7/participants
🔐 [AUTH_MIDDLEWARE] Token found: true, Length: 467
🔐 [AUTH_MIDDLEWARE] Token verification result: true
✅ [AUTH_MIDDLEWARE] User authenticated: long (TEACHER)
2026-01-12T07:47:33.583Z - GET /api/challenges/fa35545b-9b8e-4858-b599-1ae99f19c2c7/participants
🔐 [AUTH_MIDDLEWARE] Processing GET /fa35545b-9b8e-4858-b599-1ae99f19c2c7/participants
🔐 [AUTH_MIDDLEWARE] Token found: true, Length: 467
🔐 [AUTH_MIDDLEWARE] Token verification result: true
✅ [AUTH_MIDDLEWARE] User authenticated: long (TEACHER)
2026-01-12T07:47:33.640Z - GET /avatar.jpg
2026-01-12T07:47:33.672Z - GET /api/challenges/fa35545b-9b8e-4858-b599-1ae99f19c2c7/participants
🔐 [AUTH_MIDDLEWARE] Processing GET /fa35545b-9b8e-4858-b599-1ae99f19c2c7/participants
🔐 [AUTH_MIDDLEWARE] Token found: true, Length: 467
🔐 [AUTH_MIDDLEWARE] Token verification result: true
✅ [AUTH_MIDDLEWARE] User authenticated: long (TEACHER)
2026-01-12T07:47:33.729Z - GET /avatar.jpg
2026-01-12T07:47:34.912Z - GET /api/challenges/fa35545b-9b8e-4858-b599-1ae99f19c2c7/participants
🔐 [AUTH_MIDDLEWARE] Processing GET /fa35545b-9b8e-4858-b599-1ae99f19c2c7/participants
🔐 [AUTH_MIDDLEWARE] Token found: true, Length: 467
🔐 [AUTH_MIDDLEWARE] Token verification result: true
✅ [AUTH_MIDDLEWARE] User authenticated: long (TEACHER)
2026-01-12T07:47:34.923Z - POST /api/challenges
🔐 [AUTH_MIDDLEWARE] Processing POST /
🔐 [AUTH_MIDDLEWARE] Token found: true, Length: 467
🔐 [AUTH_MIDDLEWARE] Token verification result: true
✅ [AUTH_MIDDLEWARE] User authenticated: long (TEACHER)
📡 Broadcasted to school 625e503b-aa7e-44fe-9982-237d828af717: CHALLENGE_CREATED
2026-01-12T07:47:34.972Z - GET /avatar.jpg
2026-01-12T07:47:34.982Z - GET /api/students
🔐 [AUTH_MIDDLEWARE] Processing GET /
🔐 [AUTH_MIDDLEWARE] Token found: true, Length: 467
🔐 [AUTH_MIDDLEWARE] Token verification result: true
✅ [AUTH_MIDDLEWARE] User authenticated: long (TEACHER)
--- [DEBUG] GET /api/students endpoint hit ---
Authenticated User: {
  userId: '5ca64703-c978-4d01-bf44-a7568f34f556',
  username: 'long',
  name: '龙老师',
  displayName: '龙老师',
  email: null,
  role: 'TEACHER',
  schoolId: '625e503b-aa7e-44fe-9982-237d828af717',
  schoolName: '星途与伴',
  primaryClassName: '六年级1班'
}
School ID from user: 625e503b-aa7e-44fe-9982-237d828af717
Request query params: { schoolId: '625e503b-aa7e-44fe-9982-237d828af717', limit: '100' }
[DEBUG] Query object sent to service: {
  schoolId: '625e503b-aa7e-44fe-9982-237d828af717',
  className: undefined,
  search: undefined,
  page: undefined,
  limit: 100,
  teacherId: '5ca64703-c978-4d01-bf44-a7568f34f556',
  scope: undefined,
  userRole: 'TEACHER',
  requesterId: '5ca64703-c978-4d01-bf44-a7568f34f556'
}
[DEBUG] ✅ teacherId is present: 5ca64703-c978-4d01-bf44-a7568f34f556
[TEACHER BINDING] Fetching students with query: {
  schoolId: '625e503b-aa7e-44fe-9982-237d828af717',
  teacherId: '5ca64703-c978-4d01-bf44-a7568f34f556',
  scope: undefined,
  userRole: 'TEACHER'
}
[DEBUG] 🔍 Checking teacherId distribution before query...
2026-01-12T07:47:34.984Z - GET /api/challenges
🔐 [AUTH_MIDDLEWARE] Processing GET /
🔐 [AUTH_MIDDLEWARE] Token found: true, Length: 467
🔐 [AUTH_MIDDLEWARE] Token verification result: true
✅ [AUTH_MIDDLEWARE] User authenticated: long (TEACHER)
2026-01-12T07:47:34.985Z - GET /api/challenges/fa35545b-9b8e-4858-b599-1ae99f19c2c7/participants
🔐 [AUTH_MIDDLEWARE] Processing GET /fa35545b-9b8e-4858-b599-1ae99f19c2c7/participants
🔐 [AUTH_MIDDLEWARE] Token found: true, Length: 467
🔐 [AUTH_MIDDLEWARE] Token verification result: true
✅ [AUTH_MIDDLEWARE] User authenticated: long (TEACHER)
[DEBUG] 📊 TeacherId distribution: {
  '5ca64703-c978-4d01-bf44-a7568f34f556': 8,
  '10a89d3e-7b40-461c-a6dd-b71c00111fbf': 9,
  '5d26104b-58a4-4c38-90d6-d03ff7fa76de': 12
}
[DEBUG] 📊 Total students in DB: 29
[TEACHER BINDING] Default: querying students for teachers: 5ca64703-c978-4d01-bf44-a7568f34f556
[TEACHER BINDING] ⚠️ Using teacherId only for student filtering (className filter removed)
[TEACHER BINDING] ✅ Found 8 students for scope: undefined
[DEBUG] Service returned: {
  students: [
    {
      id: '68e8a25d-1ad1-4aec-b9f6-916544b62b54',
      name: '龙卓豫',
      className: '六年级1班',
      avatarUrl: '/avatar.jpg',
      points: 3620,
      exp: 14170,
      level: 21,
      teacherId: '5ca64703-c978-4d01-bf44-a7568f34f556',
      isActive: true,
      grade: '二年级',
      semester: '上册'
    },
    {
      id: '1896c410-1a91-4281-ac02-797756c638cc',
      name: '宁可歆',
      className: null,
      avatarUrl: null,
      points: 1460,
      exp: 330,
      level: 2,
      teacherId: '5ca64703-c978-4d01-bf44-a7568f34f556',
      isActive: true,
      grade: '五年级',
      semester: '上册'
    },
    {
      id: '47938c35-a307-4191-84a8-bf798d599505',
      name: '廖潇然',
      className: '六年级1班',
      avatarUrl: null,
      points: 186,
      exp: 250,
      level: 1,
      teacherId: '5ca64703-c978-4d01-bf44-a7568f34f556',
      isActive: true,
      grade: null,
      semester: null
    },
    {
      id: '83147758-d2d7-4541-a7c1-5892b809ccc8',
      name: '彭斯晟',
      className: '六年级1班',
      avatarUrl: null,
      points: 333,
      exp: 150,
      level: 1,
      teacherId: '5ca64703-c978-4d01-bf44-a7568f34f556',
      isActive: true,
      grade: null,
      semester: null
    },
    {
      id: '31895b6e-8fb0-4eb8-838c-3c0d3d71bbcb',
      name: '曾欣媛',
      className: null,
      avatarUrl: null,
      points: 362,
      exp: 75,
      level: 1,
      teacherId: '5ca64703-c978-4d01-bf44-a7568f34f556',
      isActive: true,
      grade: '五年级',
      semester: '上册'
    },
    {
      id: 'a3a72793-7c76-4f14-b18c-d786db55ff26',
      name: '樊牧宸',
      className: '六年级1班',
      avatarUrl: null,
      points: 329,
      exp: 50,
      level: 1,
      teacherId: '5ca64703-c978-4d01-bf44-a7568f34f556',
      isActive: true,
      grade: '五年级',
      semester: '上册'
    },
    {
      id: 'b043aea7-874b-4505-8274-50526192fde8',
      name: '肖浩轩',
      className: '六年级1班',
      avatarUrl: null,
      points: 318,
      exp: 50,
      level: 1,
      teacherId: '5ca64703-c978-4d01-bf44-a7568f34f556',
      isActive: true,
      grade: null,
      semester: null
    },
    {
      id: '65697759-b4ba-49ae-9f18-101730f7bf47',
      name: '刘梓萌',
      className: '六年级1班',
      avatarUrl: null,
      points: 731,
      exp: 25,
      level: 1,
      teacherId: '5ca64703-c978-4d01-bf44-a7568f34f556',
      isActive: true,
      grade: '六年级',
      semester: '上册'
    }
  ],
  pagination: { page: 1, limit: 100, total: 8, totalPages: 1 }
}
[DEBUG] Number of students in result: 8
[DEBUG] Students data preview: [
  {
    id: '68e8a25d-1ad1-4aec-b9f6-916544b62b54',
    name: '龙卓豫',
    className: '六年级1班',
    avatarUrl: '/avatar.jpg',
    points: 3620,
    exp: 14170,
    level: 21,
    teacherId: '5ca64703-c978-4d01-bf44-a7568f34f556',
    isActive: true,
    grade: '二年级',
    semester: '上册'
  },
  {
    id: '1896c410-1a91-4281-ac02-797756c638cc',
    name: '宁可歆',
    className: null,
    avatarUrl: null,
    points: 1460,
    exp: 330,
    level: 2,
    teacherId: '5ca64703-c978-4d01-bf44-a7568f34f556',
    isActive: true,
    grade: '五年级',
    semester: '上册'
  }
]
[DEBUG] Response sent to frontend successfully
2026-01-12T07:47:35.084Z - GET /api/challenges/fa35545b-9b8e-4858-b599-1ae99f19c2c7/participants
🔐 [AUTH_MIDDLEWARE] Processing GET /fa35545b-9b8e-4858-b599-1ae99f19c2c7/participants
🔐 [AUTH_MIDDLEWARE] Token found: true, Length: 467
🔐 [AUTH_MIDDLEWARE] Token verification result: true
✅ [AUTH_MIDDLEWARE] User authenticated: long (TEACHER)
2026-01-12T07:47:35.086Z - GET /api/challenges/e18c6e4f-7de7-4cf3-b3a6-f4a622047068/participants
🔐 [AUTH_MIDDLEWARE] Processing GET /e18c6e4f-7de7-4cf3-b3a6-f4a622047068/participants
🔐 [AUTH_MIDDLEWARE] Token found: true, Length: 467
🔐 [AUTH_MIDDLEWARE] Token verification result: true
✅ [AUTH_MIDDLEWARE] User authenticated: long (TEACHER)
2026-01-12T07:47:35.146Z - GET /avatar.jpg
2026-01-12T07:47:45.085Z - GET /api/dashboard/bigscreen
📺 [BIGSCREEN] Loading data for school: 625e503b-aa7e-44fe-9982-237d828af717
📺 [BIGSCREEN] Fetching data for school: 625e503b-aa7e-44fe-9982-237d828af717
🔍 [大屏调试] 过滤前任务数量: 8
✅ [大屏调试] 过滤后任务数量: 8
📊 [大屏调试] 最终activities数量: 20
📋 [大屏调试] Activities列表: [
  {
    title: '【阅读记录】《神探狗狗球为谁而滚》 120分钟',
    type: 'progress',
    student: '肖雨虹'
  },
  { title: '【阅读记录】《你真好》 120分钟', type: 'progress', student: '肖雨虹' },
  { title: '【阅读记录】《谁在做鬼脸》 120分钟', type: 'progress', student: '肖雨虹' },
  {
    title: '【阅读记录】《大侦探福尔摩斯史上最强的女对手》 120分钟',
    type: 'progress',
    student: '肖雨虹'
  },
  { title: '【阅读记录】《逻辑推理游戏》 120分钟', type: 'progress', student: '肖雨虹' },
  {
    title: '【阅读记录】《科学大爆炸双猫传奇》 120分钟',
    type: 'progress',
    student: '肖雨虹'
  },
  {
    title: '【阅读记录】《科学大爆炸双猫传奇》 120分钟',
    type: 'progress',
    student: '肖雨虹'
  },
  { title: '【阅读记录】《逻辑推理游戏》 120分钟', type: 'progress', student: '肖雨虹' },
  { title: '【阅读记录】《太空邮递员3》 120分钟', type: 'progress', student: '肖雨虹' },
  { title: '【阅读记录】《成为猴子的日子》 120分钟', type: 'progress', student: '肖雨虹' },
  {
    title: '【阅读记录】《大侦探福尔摩斯史上最强的女对手》 120分钟',
    type: 'progress',
    student: '肖雨虹'
  },
  {
    title: '【阅读记录】《大侦探福尔摩斯四个神秘的签名》 120分钟',
    type: 'progress',
    student: '肖雨虹'
  },
  {
    title: '【阅读记录】《科学大爆炸智能的进化》 120分钟',
    type: 'progress',
    student: '肖雨虹'
  },
  {
    title: '【阅读记录】《科学大爆炸智能的进化》 120分钟',
    type: 'progress',
    student: '肖雨虹'
  },
  {
    title: '【阅读记录】《科学大爆炸智能的进化》 120分钟',
    type: 'progress',
    student: '肖雨虹'
  },
  {
    title: '【阅读记录】《科学大爆炸智能的进化》 120分钟',
    type: 'progress',
    student: '肖雨虹'
  },
  { title: '【综合成长】作业的自主检查', type: 'growth', student: '龙卓豫' },
  {
    title: '【阅读记录】《大侦探福尔摩斯追凶20年》 120分钟',
    type: 'progress',
    student: '肖雨虹'
  },
  { title: '【核心教学法】阅读理解策略练习', type: 'methodology', student: '龙卓豫' },
  { title: '【核心教学法】时间管理练习', type: 'methodology', student: '龙卓豫' }
]
2026-01-12T07:48:00.080Z - GET /api/dashboard/bigscreen
📺 [BIGSCREEN] Loading data for school: 625e503b-aa7e-44fe-9982-237d828af717
📺 [BIGSCREEN] Fetching data for school: 625e503b-aa7e-44fe-9982-237d828af717
🔍 [大屏调试] 过滤前任务数量: 8
✅ [大屏调试] 过滤后任务数量: 8
📊 [大屏调试] 最终activities数量: 20
📋 [大屏调试] Activities列表: [
  {
    title: '【阅读记录】《神探狗狗球为谁而滚》 120分钟',
    type: 'progress',
    student: '肖雨虹'
  },
  { title: '【阅读记录】《你真好》 120分钟', type: 'progress', student: '肖雨虹' },
  { title: '【阅读记录】《谁在做鬼脸》 120分钟', type: 'progress', student: '肖雨虹' },
  {
    title: '【阅读记录】《大侦探福尔摩斯史上最强的女对手》 120分钟',
    type: 'progress',
    student: '肖雨虹'
  },
  { title: '【阅读记录】《逻辑推理游戏》 120分钟', type: 'progress', student: '肖雨虹' },
  {
    title: '【阅读记录】《科学大爆炸双猫传奇》 120分钟',
    type: 'progress',
    student: '肖雨虹'
  },
  {
    title: '【阅读记录】《科学大爆炸双猫传奇》 120分钟',
    type: 'progress',
    student: '肖雨虹'
  },
  { title: '【阅读记录】《逻辑推理游戏》 120分钟', type: 'progress', student: '肖雨虹' },
  { title: '【阅读记录】《太空邮递员3》 120分钟', type: 'progress', student: '肖雨虹' },
  { title: '【阅读记录】《成为猴子的日子》 120分钟', type: 'progress', student: '肖雨虹' },
  {
    title: '【阅读记录】《大侦探福尔摩斯史上最强的女对手》 120分钟',
    type: 'progress',
    student: '肖雨虹'
  },
  {
    title: '【阅读记录】《大侦探福尔摩斯四个神秘的签名》 120分钟',
    type: 'progress',
    student: '肖雨虹'
  },
  {
    title: '【阅读记录】《科学大爆炸智能的进化》 120分钟',
    type: 'progress',
    student: '肖雨虹'
  },
  {
    title: '【阅读记录】《科学大爆炸智能的进化》 120分钟',
    type: 'progress',
    student: '肖雨虹'
  },
  {
    title: '【阅读记录】《科学大爆炸智能的进化》 120分钟',
    type: 'progress',
    student: '肖雨虹'
  },
  {
    title: '【阅读记录】《科学大爆炸智能的进化》 120分钟',
    type: 'progress',
    student: '肖雨虹'
  },
  { title: '【综合成长】作业的自主检查', type: 'growth', student: '龙卓豫' },
  {
    title: '【阅读记录】《大侦探福尔摩斯追凶20年》 120分钟',
    type: 'progress',
    student: '肖雨虹'
  },
  { title: '【核心教学法】阅读理解策略练习', type: 'methodology', student: '龙卓豫' },
  { title: '【核心教学法】时间管理练习', type: 'methodology', student: '龙卓豫' }
]
2026-01-12T07:48:15.070Z - GET /api/dashboard/bigscreen
📺 [BIGSCREEN] Loading data for school: 625e503b-aa7e-44fe-9982-237d828af717
📺 [BIGSCREEN] Fetching data for school: 625e503b-aa7e-44fe-9982-237d828af717
🔍 [大屏调试] 过滤前任务数量: 8
✅ [大屏调试] 过滤后任务数量: 8
📊 [大屏调试] 最终activities数量: 20
📋 [大屏调试] Activities列表: [
  {
    title: '【阅读记录】《神探狗狗球为谁而滚》 120分钟',
    type: 'progress',
    student: '肖雨虹'
  },
  { title: '【阅读记录】《你真好》 120分钟', type: 'progress', student: '肖雨虹' },
  { title: '【阅读记录】《谁在做鬼脸》 120分钟', type: 'progress', student: '肖雨虹' },
  {
    title: '【阅读记录】《大侦探福尔摩斯史上最强的女对手》 120分钟',
    type: 'progress',
    student: '肖雨虹'
  },
  { title: '【阅读记录】《逻辑推理游戏》 120分钟', type: 'progress', student: '肖雨虹' },
  {
    title: '【阅读记录】《科学大爆炸双猫传奇》 120分钟',
    type: 'progress',
    student: '肖雨虹'
  },
  {
    title: '【阅读记录】《科学大爆炸双猫传奇》 120分钟',
    type: 'progress',
    student: '肖雨虹'
  },
  { title: '【阅读记录】《逻辑推理游戏》 120分钟', type: 'progress', student: '肖雨虹' },
  { title: '【阅读记录】《太空邮递员3》 120分钟', type: 'progress', student: '肖雨虹' },
  { title: '【阅读记录】《成为猴子的日子》 120分钟', type: 'progress', student: '肖雨虹' },
  {
    title: '【阅读记录】《大侦探福尔摩斯史上最强的女对手》 120分钟',
    type: 'progress',
    student: '肖雨虹'
  },
  {
    title: '【阅读记录】《大侦探福尔摩斯四个神秘的签名》 120分钟',
    type: 'progress',
    student: '肖雨虹'
  },
  {
    title: '【阅读记录】《科学大爆炸智能的进化》 120分钟',
    type: 'progress',
    student: '肖雨虹'
  },
  {
    title: '【阅读记录】《科学大爆炸智能的进化》 120分钟',
    type: 'progress',
    student: '肖雨虹'
  },
  {
    title: '【阅读记录】《科学大爆炸智能的进化》 120分钟',
    type: 'progress',
    student: '肖雨虹'
  },
  {
    title: '【阅读记录】《科学大爆炸智能的进化》 120分钟',
    type: 'progress',
    student: '肖雨虹'
  },
  { title: '【综合成长】作业的自主检查', type: 'growth', student: '龙卓豫' },
  {
    title: '【阅读记录】《大侦探福尔摩斯追凶20年》 120分钟',
    type: 'progress',
    student: '肖雨虹'
  },
  { title: '【核心教学法】阅读理解策略练习', type: 'methodology', student: '龙卓豫' },
  { title: '【核心教学法】时间管理练习', type: 'methodology', student: '龙卓豫' }
]
2026-01-12T07:49:08.121Z - GET /api/dashboard/bigscreen
📺 [BIGSCREEN] Loading data for school: 625e503b-aa7e-44fe-9982-237d828af717
📺 [BIGSCREEN] Fetching data for school: 625e503b-aa7e-44fe-9982-237d828af717
🔍 [大屏调试] 过滤前任务数量: 8
✅ [大屏调试] 过滤后任务数量: 8
📊 [大屏调试] 最终activities数量: 20
📋 [大屏调试] Activities列表: [
  {
    title: '【阅读记录】《神探狗狗球为谁而滚》 120分钟',
    type: 'progress',
    student: '肖雨虹'
  },
  { title: '【阅读记录】《你真好》 120分钟', type: 'progress', student: '肖雨虹' },
  { title: '【阅读记录】《谁在做鬼脸》 120分钟', type: 'progress', student: '肖雨虹' },
  {
    title: '【阅读记录】《大侦探福尔摩斯史上最强的女对手》 120分钟',
    type: 'progress',
    student: '肖雨虹'
  },
  { title: '【阅读记录】《逻辑推理游戏》 120分钟', type: 'progress', student: '肖雨虹' },
  {
    title: '【阅读记录】《科学大爆炸双猫传奇》 120分钟',
    type: 'progress',
    student: '肖雨虹'
  },
  {
    title: '【阅读记录】《科学大爆炸双猫传奇》 120分钟',
    type: 'progress',
    student: '肖雨虹'
  },
  { title: '【阅读记录】《逻辑推理游戏》 120分钟', type: 'progress', student: '肖雨虹' },
  { title: '【阅读记录】《太空邮递员3》 120分钟', type: 'progress', student: '肖雨虹' },
  { title: '【阅读记录】《成为猴子的日子》 120分钟', type: 'progress', student: '肖雨虹' },
  {
    title: '【阅读记录】《大侦探福尔摩斯史上最强的女对手》 120分钟',
    type: 'progress',
    student: '肖雨虹'
  },
  {
    title: '【阅读记录】《大侦探福尔摩斯四个神秘的签名》 120分钟',
    type: 'progress',
    student: '肖雨虹'
  },
  {
    title: '【阅读记录】《科学大爆炸智能的进化》 120分钟',
    type: 'progress',
    student: '肖雨虹'
  },
  {
    title: '【阅读记录】《科学大爆炸智能的进化》 120分钟',
    type: 'progress',
    student: '肖雨虹'
  },
  {
    title: '【阅读记录】《科学大爆炸智能的进化》 120分钟',
    type: 'progress',
    student: '肖雨虹'
  },
  {
    title: '【阅读记录】《科学大爆炸智能的进化》 120分钟',
    type: 'progress',
    student: '肖雨虹'
  },
  { title: '【综合成长】作业的自主检查', type: 'growth', student: '龙卓豫' },
  {
    title: '【阅读记录】《大侦探福尔摩斯追凶20年》 120分钟',
    type: 'progress',
    student: '肖雨虹'
  },
  { title: '【核心教学法】阅读理解策略练习', type: 'methodology', student: '龙卓豫' },
  { title: '【核心教学法】时间管理练习', type: 'methodology', student: '龙卓豫' }
]
2026-01-12T07:49:36.722Z - GET /api/dashboard/bigscreen
📺 [BIGSCREEN] Loading data for school: 625e503b-aa7e-44fe-9982-237d828af717
📺 [BIGSCREEN] Fetching data for school: 625e503b-aa7e-44fe-9982-237d828af717
🔍 [大屏调试] 过滤前任务数量: 8
✅ [大屏调试] 过滤后任务数量: 8
📊 [大屏调试] 最终activities数量: 20
📋 [大屏调试] Activities列表: [
  {
    title: '【阅读记录】《神探狗狗球为谁而滚》 120分钟',
    type: 'progress',
    student: '肖雨虹'
  },
  { title: '【阅读记录】《你真好》 120分钟', type: 'progress', student: '肖雨虹' },
  { title: '【阅读记录】《谁在做鬼脸》 120分钟', type: 'progress', student: '肖雨虹' },
  {
    title: '【阅读记录】《大侦探福尔摩斯史上最强的女对手》 120分钟',
    type: 'progress',
    student: '肖雨虹'
  },
  { title: '【阅读记录】《逻辑推理游戏》 120分钟', type: 'progress', student: '肖雨虹' },
  {
    title: '【阅读记录】《科学大爆炸双猫传奇》 120分钟',
    type: 'progress',
    student: '肖雨虹'
  },
  {
    title: '【阅读记录】《科学大爆炸双猫传奇》 120分钟',
    type: 'progress',
    student: '肖雨虹'
  },
  { title: '【阅读记录】《逻辑推理游戏》 120分钟', type: 'progress', student: '肖雨虹' },
  { title: '【阅读记录】《太空邮递员3》 120分钟', type: 'progress', student: '肖雨虹' },
  { title: '【阅读记录】《成为猴子的日子》 120分钟', type: 'progress', student: '肖雨虹' },
  {
    title: '【阅读记录】《大侦探福尔摩斯史上最强的女对手》 120分钟',
    type: 'progress',
    student: '肖雨虹'
  },
  {
    title: '【阅读记录】《大侦探福尔摩斯四个神秘的签名》 120分钟',
    type: 'progress',
    student: '肖雨虹'
  },
  {
    title: '【阅读记录】《科学大爆炸智能的进化》 120分钟',
    type: 'progress',
    student: '肖雨虹'
  },
  {
    title: '【阅读记录】《科学大爆炸智能的进化》 120分钟',
    type: 'progress',
    student: '肖雨虹'
  },
  {
    title: '【阅读记录】《科学大爆炸智能的进化》 120分钟',
    type: 'progress',
    student: '肖雨虹'
  },
  {
    title: '【阅读记录】《科学大爆炸智能的进化》 120分钟',
    type: 'progress',
    student: '肖雨虹'
  },
  { title: '【综合成长】作业的自主检查', type: 'growth', student: '龙卓豫' },
  {
    title: '【阅读记录】《大侦探福尔摩斯追凶20年》 120分钟',
    type: 'progress',
    student: '肖雨虹'
  },
  { title: '【核心教学法】阅读理解策略练习', type: 'methodology', student: '龙卓豫' },
  { title: '【核心教学法】时间管理练习', type: 'methodology', student: '龙卓豫' }
]
2026-01-12T07:49:44.878Z - GET /api/dashboard/bigscreen
📺 [BIGSCREEN] Loading data for school: 625e503b-aa7e-44fe-9982-237d828af717
📺 [BIGSCREEN] Fetching data for school: 625e503b-aa7e-44fe-9982-237d828af717
🔍 [大屏调试] 过滤前任务数量: 8
✅ [大屏调试] 过滤后任务数量: 8
📊 [大屏调试] 最终activities数量: 20
📋 [大屏调试] Activities列表: [
  {
    title: '【阅读记录】《神探狗狗球为谁而滚》 120分钟',
    type: 'progress',
    student: '肖雨虹'
  },
  { title: '【阅读记录】《你真好》 120分钟', type: 'progress', student: '肖雨虹' },
  { title: '【阅读记录】《谁在做鬼脸》 120分钟', type: 'progress', student: '肖雨虹' },
  {
    title: '【阅读记录】《大侦探福尔摩斯史上最强的女对手》 120分钟',
    type: 'progress',
    student: '肖雨虹'
  },
  { title: '【阅读记录】《逻辑推理游戏》 120分钟', type: 'progress', student: '肖雨虹' },
  {
    title: '【阅读记录】《科学大爆炸双猫传奇》 120分钟',
    type: 'progress',
    student: '肖雨虹'
  },
  {
    title: '【阅读记录】《科学大爆炸双猫传奇》 120分钟',
    type: 'progress',
    student: '肖雨虹'
  },
  { title: '【阅读记录】《逻辑推理游戏》 120分钟', type: 'progress', student: '肖雨虹' },
  { title: '【阅读记录】《太空邮递员3》 120分钟', type: 'progress', student: '肖雨虹' },
  { title: '【阅读记录】《成为猴子的日子》 120分钟', type: 'progress', student: '肖雨虹' },
  {
    title: '【阅读记录】《大侦探福尔摩斯史上最强的女对手》 120分钟',
    type: 'progress',
    student: '肖雨虹'
  },
  {
    title: '【阅读记录】《大侦探福尔摩斯四个神秘的签名》 120分钟',
    type: 'progress',
    student: '肖雨虹'
  },
  {
    title: '【阅读记录】《科学大爆炸智能的进化》 120分钟',
    type: 'progress',
    student: '肖雨虹'
  },
  {
    title: '【阅读记录】《科学大爆炸智能的进化》 120分钟',
    type: 'progress',
    student: '肖雨虹'
  },
  {
    title: '【阅读记录】《科学大爆炸智能的进化》 120分钟',
    type: 'progress',
    student: '肖雨虹'
  },
  {
    title: '【阅读记录】《科学大爆炸智能的进化》 120分钟',
    type: 'progress',
    student: '肖雨虹'
  },
  { title: '【综合成长】作业的自主检查', type: 'growth', student: '龙卓豫' },
  {
    title: '【阅读记录】《大侦探福尔摩斯追凶20年》 120分钟',
    type: 'progress',
    student: '肖雨虹'
  },
  { title: '【核心教学法】阅读理解策略练习', type: 'methodology', student: '龙卓豫' },
  { title: '【核心教学法】时间管理练习', type: 'methodology', student: '龙卓豫' }
]
2026-01-12T07:49:59.904Z - GET /api/dashboard/bigscreen
📺 [BIGSCREEN] Loading data for school: 625e503b-aa7e-44fe-9982-237d828af717
📺 [BIGSCREEN] Fetching data for school: 625e503b-aa7e-44fe-9982-237d828af717
🔍 [大屏调试] 过滤前任务数量: 8
✅ [大屏调试] 过滤后任务数量: 8
📊 [大屏调试] 最终activities数量: 20
📋 [大屏调试] Activities列表: [
  {
    title: '【阅读记录】《神探狗狗球为谁而滚》 120分钟',
    type: 'progress',
    student: '肖雨虹'
  },
  { title: '【阅读记录】《你真好》 120分钟', type: 'progress', student: '肖雨虹' },
  { title: '【阅读记录】《谁在做鬼脸》 120分钟', type: 'progress', student: '肖雨虹' },
  {
    title: '【阅读记录】《大侦探福尔摩斯史上最强的女对手》 120分钟',
    type: 'progress',
    student: '肖雨虹'
  },
  { title: '【阅读记录】《逻辑推理游戏》 120分钟', type: 'progress', student: '肖雨虹' },
  {
    title: '【阅读记录】《科学大爆炸双猫传奇》 120分钟',
    type: 'progress',
    student: '肖雨虹'
  },
  {
    title: '【阅读记录】《科学大爆炸双猫传奇》 120分钟',
    type: 'progress',
    student: '肖雨虹'
  },
  { title: '【阅读记录】《逻辑推理游戏》 120分钟', type: 'progress', student: '肖雨虹' },
  { title: '【阅读记录】《太空邮递员3》 120分钟', type: 'progress', student: '肖雨虹' },
  { title: '【阅读记录】《成为猴子的日子》 120分钟', type: 'progress', student: '肖雨虹' },
  {
    title: '【阅读记录】《大侦探福尔摩斯史上最强的女对手》 120分钟',
    type: 'progress',
    student: '肖雨虹'
  },
  {
    title: '【阅读记录】《大侦探福尔摩斯四个神秘的签名》 120分钟',
    type: 'progress',
    student: '肖雨虹'
  },
  {
    title: '【阅读记录】《科学大爆炸智能的进化》 120分钟',
    type: 'progress',
    student: '肖雨虹'
  },
  {
    title: '【阅读记录】《科学大爆炸智能的进化》 120分钟',
    type: 'progress',
    student: '肖雨虹'
  },
  {
    title: '【阅读记录】《科学大爆炸智能的进化》 120分钟',
    type: 'progress',
    student: '肖雨虹'
  },
  {
    title: '【阅读记录】《科学大爆炸智能的进化》 120分钟',
    type: 'progress',
    student: '肖雨虹'
  },
  { title: '【综合成长】作业的自主检查', type: 'growth', student: '龙卓豫' },
  {
    title: '【阅读记录】《大侦探福尔摩斯追凶20年》 120分钟',
    type: 'progress',
    student: '肖雨虹'
  },
  { title: '【核心教学法】阅读理解策略练习', type: 'methodology', student: '龙卓豫' },
  { title: '【核心教学法】时间管理练习', type: 'methodology', student: '龙卓豫' }
]
2026-01-12T07:50:15.704Z - GET /api/dashboard/bigscreen
📺 [BIGSCREEN] Loading data for school: 625e503b-aa7e-44fe-9982-237d828af717
📺 [BIGSCREEN] Fetching data for school: 625e503b-aa7e-44fe-9982-237d828af717
🔍 [大屏调试] 过滤前任务数量: 8
✅ [大屏调试] 过滤后任务数量: 8
📊 [大屏调试] 最终activities数量: 20
📋 [大屏调试] Activities列表: [
  {
    title: '【阅读记录】《神探狗狗球为谁而滚》 120分钟',
    type: 'progress',
    student: '肖雨虹'
  },
  { title: '【阅读记录】《你真好》 120分钟', type: 'progress', student: '肖雨虹' },
  { title: '【阅读记录】《谁在做鬼脸》 120分钟', type: 'progress', student: '肖雨虹' },
  {
    title: '【阅读记录】《大侦探福尔摩斯史上最强的女对手》 120分钟',
    type: 'progress',
    student: '肖雨虹'
  },
  { title: '【阅读记录】《逻辑推理游戏》 120分钟', type: 'progress', student: '肖雨虹' },
  {
    title: '【阅读记录】《科学大爆炸双猫传奇》 120分钟',
    type: 'progress',
    student: '肖雨虹'
  },
  {
    title: '【阅读记录】《科学大爆炸双猫传奇》 120分钟',
    type: 'progress',
    student: '肖雨虹'
  },
  { title: '【阅读记录】《逻辑推理游戏》 120分钟', type: 'progress', student: '肖雨虹' },
  { title: '【阅读记录】《太空邮递员3》 120分钟', type: 'progress', student: '肖雨虹' },
  { title: '【阅读记录】《成为猴子的日子》 120分钟', type: 'progress', student: '肖雨虹' },
  {
    title: '【阅读记录】《大侦探福尔摩斯史上最强的女对手》 120分钟',
    type: 'progress',
    student: '肖雨虹'
  },
  {
    title: '【阅读记录】《大侦探福尔摩斯四个神秘的签名》 120分钟',
    type: 'progress',
    student: '肖雨虹'
  },
  {
    title: '【阅读记录】《科学大爆炸智能的进化》 120分钟',
    type: 'progress',
    student: '肖雨虹'
  },
  {
    title: '【阅读记录】《科学大爆炸智能的进化》 120分钟',
    type: 'progress',
    student: '肖雨虹'
  },
  {
    title: '【阅读记录】《科学大爆炸智能的进化》 120分钟',
    type: 'progress',
    student: '肖雨虹'
  },
  {
    title: '【阅读记录】《科学大爆炸智能的进化》 120分钟',
    type: 'progress',
    student: '肖雨虹'
  },
  { title: '【综合成长】作业的自主检查', type: 'growth', student: '龙卓豫' },
  {
    title: '【阅读记录】《大侦探福尔摩斯追凶20年》 120分钟',
    type: 'progress',
    student: '肖雨虹'
  },
  { title: '【核心教学法】阅读理解策略练习', type: 'methodology', student: '龙卓豫' },
  { title: '【核心教学法】时间管理练习', type: 'methodology', student: '龙卓豫' }
]
2026-01-12T07:50:22.838Z - GET /api/students/68e8a25d-1ad1-4aec-b9f6-916544b62b54/public-profile
📺 [PUBLIC PROFILE] Loading profile for student: 68e8a25d-1ad1-4aec-b9f6-916544b62b54, school: 625e503b-aa7e-44fe-9982-237d828af717
🔍 获取学生档案: 68e8a25d-1ad1-4aec-b9f6-916544b62b54, 学校: 625e503b-aa7e-44fe-9982-237d828af717
🎯 [HABIT_DEBUG] allHabits 数量: 20, studentHabitLogs 数量: 3
🎯 [HABIT_DEBUG] 生成的 habitStats 数量: 2
✅ 学生档案获取成功: 龙卓豫, 包含 88 条任务记录, 9 条PK记录
2026-01-12T07:50:29.882Z - GET /api/dashboard/bigscreen
📺 [BIGSCREEN] Loading data for school: 625e503b-aa7e-44fe-9982-237d828af717
📺 [BIGSCREEN] Fetching data for school: 625e503b-aa7e-44fe-9982-237d828af717
🔍 [大屏调试] 过滤前任务数量: 8
✅ [大屏调试] 过滤后任务数量: 8
📊 [大屏调试] 最终activities数量: 20
📋 [大屏调试] Activities列表: [
  {
    title: '【阅读记录】《神探狗狗球为谁而滚》 120分钟',
    type: 'progress',
    student: '肖雨虹'
  },
  { title: '【阅读记录】《你真好》 120分钟', type: 'progress', student: '肖雨虹' },
  { title: '【阅读记录】《谁在做鬼脸》 120分钟', type: 'progress', student: '肖雨虹' },
  {
    title: '【阅读记录】《大侦探福尔摩斯史上最强的女对手》 120分钟',
    type: 'progress',
    student: '肖雨虹'
  },
  { title: '【阅读记录】《逻辑推理游戏》 120分钟', type: 'progress', student: '肖雨虹' },
  {
    title: '【阅读记录】《科学大爆炸双猫传奇》 120分钟',
    type: 'progress',
    student: '肖雨虹'
  },
  {
    title: '【阅读记录】《科学大爆炸双猫传奇》 120分钟',
    type: 'progress',
    student: '肖雨虹'
  },
  { title: '【阅读记录】《逻辑推理游戏》 120分钟', type: 'progress', student: '肖雨虹' },
  { title: '【阅读记录】《太空邮递员3》 120分钟', type: 'progress', student: '肖雨虹' },
  { title: '【阅读记录】《成为猴子的日子》 120分钟', type: 'progress', student: '肖雨虹' },
  {
    title: '【阅读记录】《大侦探福尔摩斯史上最强的女对手》 120分钟',
    type: 'progress',
    student: '肖雨虹'
  },
  {
    title: '【阅读记录】《大侦探福尔摩斯四个神秘的签名》 120分钟',
    type: 'progress',
    student: '肖雨虹'
  },
  {
    title: '【阅读记录】《科学大爆炸智能的进化》 120分钟',
    type: 'progress',
    student: '肖雨虹'
  },
  {
    title: '【阅读记录】《科学大爆炸智能的进化》 120分钟',
    type: 'progress',
    student: '肖雨虹'
  },
  {
    title: '【阅读记录】《科学大爆炸智能的进化》 120分钟',
    type: 'progress',
    student: '肖雨虹'
  },
  {
    title: '【阅读记录】《科学大爆炸智能的进化》 120分钟',
    type: 'progress',
    student: '肖雨虹'
  },
  { title: '【综合成长】作业的自主检查', type: 'growth', student: '龙卓豫' },
  {
    title: '【阅读记录】《大侦探福尔摩斯追凶20年》 120分钟',
    type: 'progress',
    student: '肖雨虹'
  },
  { title: '【核心教学法】阅读理解策略练习', type: 'methodology', student: '龙卓豫' },
  { title: '【核心教学法】时间管理练习', type: 'methodology', student: '龙卓豫' }
]
